filename,header file
AGL0001a.bin,AGL0001a.bin_headers.txt
AGL0001m.bin,AGL0001m.bin_headers.txt
ARS0001a.bin,ARS0001a.bin_headers.txt
ARS0001m.bin,ARS0001m.bin_headers.txt
ARS0003a.bin,ARS0003a.bin_headers.txt
ARS0003m.bin,ARS0003m.bin_headers.txt
ARS0004a.bin,ARS0004a.bin_headers.txt
ARS0004m.bin,ARS0004m.bin_headers.txt
ARS0005a.bin,ARS0005a.bin_headers.txt
ARS0005m.bin,ARS0005m.bin_headers.txt
ARS0006a.bin,ARS0006a.bin_headers.txt
ARS0006m.bin,ARS0006m.bin_headers.txt
ART0001a.bin,ART0001a.bin_headers.txt
ART0001m.bin,ART0001m.bin_headers.txt
ART0004a.bin,ART0004a.bin_headers.txt
ART0005a.bin,ART0005a.bin_headers.txt
ART0006a.bin,ART0006a.bin_headers.txt
ART0006m.bin,ART0006m.bin_headers.txt
ART0007a.bin,ART0007a.bin_headers.txt
ART0008a.bin,ART0008a.bin_headers.txt
ART0009a.bin,ART0009a.bin_headers.txt
ART0009m.bin,ART0009m.bin_headers.txt
ART0010a.bin,ART0010a.bin_headers.txt
ART0010m.bin,ART0010m.bin_headers.txt
ART0013a.bin,ART0013a.bin_headers.txt
ART0013m.bin,ART0013m.bin_headers.txt
ART0014a.bin,ART0014a.bin_headers.txt
ART0014m.bin,ART0014m.bin_headers.txt
ART0015a.bin,ART0015a.bin_headers.txt
ART0015m.bin,ART0015m.bin_headers.txt
ART0016a.bin,ART0016a.bin_headers.txt
ART0016m.bin,ART0016m.bin_headers.txt
ART0017a.bin,ART0017a.bin_headers.txt
ART0017m.bin,ART0017m.bin_headers.txt
ART0018a.bin,ART0018a.bin_headers.txt
ART0018m.bin,ART0018m.bin_headers.txt
ART0019a.bin,ART0019a.bin_headers.txt
ART0019m.bin,ART0019m.bin_headers.txt
ART0020a.bin,ART0020a.bin_headers.txt
ART0020m.bin,ART0020m.bin_headers.txt
ART0021a.bin,ART0021a.bin_headers.txt
ART0021m.bin,ART0021m.bin_headers.txt
ART0022a.bin,ART0022a.bin_headers.txt
ART0022m.bin,ART0022m.bin_headers.txt
ART0023a.bin,ART0023a.bin_headers.txt
ART0023m.bin,ART0023m.bin_headers.txt
ART0024a.bin,ART0024a.bin_headers.txt
ART0024m.bin,ART0024m.bin_headers.txt
ART0025a.bin,ART0025a.bin_headers.txt
ART0025m.bin,ART0025m.bin_headers.txt
ART0026a.bin,ART0026a.bin_headers.txt
ART0027a.bin,ART0027a.bin_headers.txt
ART0027m.bin,ART0027m.bin_headers.txt
ART0028a.bin,ART0028a.bin_headers.txt
ART0029a.bin,ART0029a.bin_headers.txt
ART0029m.bin,ART0029m.bin_headers.txt
ART0030a.bin,ART0030a.bin_headers.txt
ART0031a.bin,ART0031a.bin_headers.txt
ART0032a.bin,ART0032a.bin_headers.txt
ATN0001a.bin,ATN0001a.bin_headers.txt
ATN0001m.bin,ATN0001m.bin_headers.txt
ATN0002a.bin,ATN0002a.bin_headers.txt
ATN0002m.bin,ATN0002m.bin_headers.txt
ATN0003a.bin,ATN0003a.bin_headers.txt
ATN0004a.bin,ATN0004a.bin_headers.txt
ATN0004m.bin,ATN0004m.bin_headers.txt
ATN0005a.bin,ATN0005a.bin_headers.txt
ATN0005m.bin,ATN0005m.bin_headers.txt
ATN0006a.bin,ATN0006a.bin_headers.txt
ATN0006m.bin,ATN0006m.bin_headers.txt
ATN0007a.bin,ATN0007a.bin_headers.txt
ATN0007m.bin,ATN0007m.bin_headers.txt
ATN0008a.bin,ATN0008a.bin_headers.txt
ATN0009a.bin,ATN0009a.bin_headers.txt
ATN0009m.bin,ATN0009m.bin_headers.txt
ATN0010a.bin,ATN0010a.bin_headers.txt
ATN0011a.bin,ATN0011a.bin_headers.txt
ATN0011m.bin,ATN0011m.bin_headers.txt
ATN0012a.bin,ATN0012a.bin_headers.txt
ATN0012m.bin,ATN0012m.bin_headers.txt
ATN0014a.bin,ATN0014a.bin_headers.txt
BGT0001a.bin,BGT0001a.bin_headers.txt
BNE0001a.bin,BNE0001a.bin_headers.txt
BNE0002a.bin,BNE0002a.bin_headers.txt
BNE0003a.bin,BNE0003a.bin_headers.txt
BNE0004a.bin,BNE0004a.bin_headers.txt
BNE0004m.bin,BNE0004m.bin_headers.txt
BOT0001a.bin,BOT0001a.bin_headers.txt
BOT0001d.bin,BOT0001d.bin_headers.txt
BOT0001m.bin,BOT0001m.bin_headers.txt
BOT0003a.bin,BOT0003a.bin_headers.txt
BOT0003d.bin,BOT0003d.bin_headers.txt
BOT0003m.bin,BOT0003m.bin_headers.txt
BOT0005a.bin,BOT0005a.bin_headers.txt
BOT0005d.bin,BOT0005d.bin_headers.txt
BOT0005m.bin,BOT0005m.bin_headers.txt
BOT0006a.bin,BOT0006a.bin_headers.txt
BOT0006m.bin,BOT0006m.bin_headers.txt
BOT0007a.bin,BOT0007a.bin_headers.txt
BOT0007m.bin,BOT0007m.bin_headers.txt
BOT0008a.bin,BOT0008a.bin_headers.txt
BOT0008m.bin,BOT0008m.bin_headers.txt
BOT0009a.bin,BOT0009a.bin_headers.txt
BOT0009m.bin,BOT0009m.bin_headers.txt
BOT0011a.bin,BOT0011a.bin_headers.txt
BOT0011m.bin,BOT0011m.bin_headers.txt
BOT0012a.bin,BOT0012a.bin_headers.txt
BOT0012m.bin,BOT0012m.bin_headers.txt
BOT0013a.bin,BOT0013a.bin_headers.txt
BOT0020a.bin,BOT0020a.bin_headers.txt
BOT0021a.bin,BOT0021a.bin_headers.txt
BOT0021m.bin,BOT0021m.bin_headers.txt
BOT0022a.bin,BOT0022a.bin_headers.txt
BOT0023a.bin,BOT0023a.bin_headers.txt
BOT0024a.bin,BOT0024a.bin_headers.txt
BOT0025a.bin,BOT0025a.bin_headers.txt
BOT0026a.bin,BOT0026a.bin_headers.txt
BOT0027a.bin,BOT0027a.bin_headers.txt
BOT0028a.bin,BOT0028a.bin_headers.txt
BOT0028m.bin,BOT0028m.bin_headers.txt
BOT0029a.bin,BOT0029a.bin_headers.txt
BOT0031a.bin,BOT0031a.bin_headers.txt
BOT0031m.bin,BOT0031m.bin_headers.txt
BOT0032a.bin,BOT0032a.bin_headers.txt
BOT0032m.bin,BOT0032m.bin_headers.txt
BOT0033a.bin,BOT0033a.bin_headers.txt
BOT0033m.bin,BOT0033m.bin_headers.txt
BOT0035a.bin,BOT0035a.bin_headers.txt
BOT0036a.bin,BOT0036a.bin_headers.txt
BOT0036m.bin,BOT0036m.bin_headers.txt
BOT0037a.bin,BOT0037a.bin_headers.txt
BOT0038a.bin,BOT0038a.bin_headers.txt
BOT0038m.bin,BOT0038m.bin_headers.txt
BOT0039a.bin,BOT0039a.bin_headers.txt
BOT0039d.bin,BOT0039d.bin_headers.txt
BOT0039m.bin,BOT0039m.bin_headers.txt
BOT0040a.bin,BOT0040a.bin_headers.txt
BOT0040m.bin,BOT0040m.bin_headers.txt
BOT0041a.bin,BOT0041a.bin_headers.txt
BOT0041m.bin,BOT0041m.bin_headers.txt
BOT0042a.bin,BOT0042a.bin_headers.txt
BOT0042d.bin,BOT0042d.bin_headers.txt
BOT0042m.bin,BOT0042m.bin_headers.txt
BOT0043a.bin,BOT0043a.bin_headers.txt
BOT0043m.bin,BOT0043m.bin_headers.txt
BOT0044a.bin,BOT0044a.bin_headers.txt
BOT0044m.bin,BOT0044m.bin_headers.txt
BOT0045a.bin,BOT0045a.bin_headers.txt
BOT0045m.bin,BOT0045m.bin_headers.txt
BOT0046a.bin,BOT0046a.bin_headers.txt
BOT0046m.bin,BOT0046m.bin_headers.txt
BOT0047a.bin,BOT0047a.bin_headers.txt
BOT0048a.bin,BOT0048a.bin_headers.txt
BOT1001a.bin,BOT1001a.bin_headers.txt
BOT1001m.bin,BOT1001m.bin_headers.txt
BOT1002a.bin,BOT1002a.bin_headers.txt
BOT1002m.bin,BOT1002m.bin_headers.txt
BOT1003a.bin,BOT1003a.bin_headers.txt
BOT1004a.bin,BOT1004a.bin_headers.txt
BOT1006a.bin,BOT1006a.bin_headers.txt
BOT1007a.bin,BOT1007a.bin_headers.txt
BOT1008a.bin,BOT1008a.bin_headers.txt
BOT1009a.bin,BOT1009a.bin_headers.txt
BOT1010a.bin,BOT1010a.bin_headers.txt
BOT1011a.bin,BOT1011a.bin_headers.txt
BOT1012a.bin,BOT1012a.bin_headers.txt
BOT1013a.bin,BOT1013a.bin_headers.txt
BOT1014a.bin,BOT1014a.bin_headers.txt
BOT1015a.bin,BOT1015a.bin_headers.txt
BOT1016a.bin,BOT1016a.bin_headers.txt
BOT1017a.bin,BOT1017a.bin_headers.txt
BOT1018a.bin,BOT1018a.bin_headers.txt
BOT3001a.bin,BOT3001a.bin_headers.txt
BOT3002a.bin,BOT3002a.bin_headers.txt
BOT3003a.bin,BOT3003a.bin_headers.txt
BOT3004a.bin,BOT3004a.bin_headers.txt
BOT3005a.bin,BOT3005a.bin_headers.txt
BOT3006a.bin,BOT3006a.bin_headers.txt
BOT3007a.bin,BOT3007a.bin_headers.txt
BOT3009a.bin,BOT3009a.bin_headers.txt
BOT3010a.bin,BOT3010a.bin_headers.txt
BOT3011a.bin,BOT3011a.bin_headers.txt
BOT3012a.bin,BOT3012a.bin_headers.txt
BOT3013a.bin,BOT3013a.bin_headers.txt
BOT3014a.bin,BOT3014a.bin_headers.txt
BOT3015a.bin,BOT3015a.bin_headers.txt
BOT3016a.bin,BOT3016a.bin_headers.txt
BOT3017a.bin,BOT3017a.bin_headers.txt
BOT3018a.bin,BOT3018a.bin_headers.txt
BOT3019a.bin,BOT3019a.bin_headers.txt
BOT3020a.bin,BOT3020a.bin_headers.txt
BOT3021a.bin,BOT3021a.bin_headers.txt
BOT3022a.bin,BOT3022a.bin_headers.txt
BOT3023a.bin,BOT3023a.bin_headers.txt
BOT3024a.bin,BOT3024a.bin_headers.txt
BOT3025a.bin,BOT3025a.bin_headers.txt
BPS0001a.bin,BPS0001a.bin_headers.txt
BPS0001m.bin,BPS0001m.bin_headers.txt
BPS0004a.bin,BPS0004a.bin_headers.txt
BPS0010a.bin,BPS0010a.bin_headers.txt
BPS0010m.bin,BPS0010m.bin_headers.txt
CAR0001a.bin,CAR0001a.bin_headers.txt
CAR0002a.bin,CAR0002a.bin_headers.txt
CAR0003a.bin,CAR0003a.bin_headers.txt
CAR0004a.bin,CAR0004a.bin_headers.txt
CAR0005a.bin,CAR0005a.bin_headers.txt
CAR0006a.bin,CAR0006a.bin_headers.txt
CAR0006m.bin,CAR0006m.bin_headers.txt
CAR0007a.bin,CAR0007a.bin_headers.txt
CAR0008a.bin,CAR0008a.bin_headers.txt
CAR1001a.bin,CAR1001a.bin_headers.txt
CAR1002a.bin,CAR1002a.bin_headers.txt
CAR1003a.bin,CAR1003a.bin_headers.txt
CAR1004a.bin,CAR1004a.bin_headers.txt
CAR1005a.bin,CAR1005a.bin_headers.txt
CAR1006a.bin,CAR1006a.bin_headers.txt
CAR1007a.bin,CAR1007a.bin_headers.txt
CAR1008a.bin,CAR1008a.bin_headers.txt
CBC0001a.bin,CBC0001a.bin_headers.txt
CBC0002a.bin,CBC0002a.bin_headers.txt
CBC0002m.bin,CBC0002m.bin_headers.txt
CBE0001a.bin,CBE0001a.bin_headers.txt
CBE0002a.bin,CBE0002a.bin_headers.txt
CBE0002m.bin,CBE0002m.bin_headers.txt
CBE0003a.bin,CBE0003a.bin_headers.txt
CBE0004a.bin,CBE0004a.bin_headers.txt
CBE0004m.bin,CBE0004m.bin_headers.txt
CBE0005a.bin,CBE0005a.bin_headers.txt
CBE0005m.bin,CBE0005m.bin_headers.txt
CBR0001a.bin,CBR0001a.bin_headers.txt
CBR0001m.bin,CBR0001m.bin_headers.txt
CBR0002a.bin,CBR0002a.bin_headers.txt
CBR0002m.bin,CBR0002m.bin_headers.txt
CBR0003a.bin,CBR0003a.bin_headers.txt
CBR0004a.bin,CBR0004a.bin_headers.txt
CBR0005a.bin,CBR0005a.bin_headers.txt
CBR0005m.bin,CBR0005m.bin_headers.txt
CBR1001a.bin,CBR1001a.bin_headers.txt
CBR1001m.bin,CBR1001m.bin_headers.txt
CBR1002a.bin,CBR1002a.bin_headers.txt
CBR1002m.bin,CBR1002m.bin_headers.txt
CBR1003a.bin,CBR1003a.bin_headers.txt
CBR1003m.bin,CBR1003m.bin_headers.txt
CBR1004a.bin,CBR1004a.bin_headers.txt
CBR1004m.bin,CBR1004m.bin_headers.txt
COM0004a.bin,COM0004a.bin_headers.txt
COM0004m.bin,COM0004m.bin_headers.txt
COM0005a.bin,COM0005a.bin_headers.txt
COM0005m.bin,COM0005m.bin_headers.txt
COM0006a.bin,COM0006a.bin_headers.txt
COM0006m.bin,COM0006m.bin_headers.txt
COM0007a.bin,COM0007a.bin_headers.txt
COM0007m.bin,COM0007m.bin_headers.txt
COM0010a.bin,COM0010a.bin_headers.txt
COM0010m.bin,COM0010m.bin_headers.txt
COM0011a.bin,COM0011a.bin_headers.txt
COM0011m.bin,COM0011m.bin_headers.txt
COM0012a.bin,COM0012a.bin_headers.txt
COM0012m.bin,COM0012m.bin_headers.txt
COM0013a.bin,COM0013a.bin_headers.txt
COM0014a.bin,COM0014a.bin_headers.txt
COM0014m.bin,COM0014m.bin_headers.txt
COM0015a.bin,COM0015a.bin_headers.txt
COM0015m.bin,COM0015m.bin_headers.txt
COM0016a.bin,COM0016a.bin_headers.txt
COM0017a.bin,COM0017a.bin_headers.txt
COM0018a.bin,COM0018a.bin_headers.txt
COM0018m.bin,COM0018m.bin_headers.txt
COM0019a.bin,COM0019a.bin_headers.txt
COM0019m.bin,COM0019m.bin_headers.txt
COM0020a.bin,COM0020a.bin_headers.txt
COM0020m.bin,COM0020m.bin_headers.txt
COM0021a.bin,COM0021a.bin_headers.txt
COM0021m.bin,COM0021m.bin_headers.txt
COM0022a.bin,COM0022a.bin_headers.txt
COM0022m.bin,COM0022m.bin_headers.txt
COM0023a.bin,COM0023a.bin_headers.txt
COM0023m.bin,COM0023m.bin_headers.txt
COM0024a.bin,COM0024a.bin_headers.txt
COM0024m.bin,COM0024m.bin_headers.txt
COM0025a.bin,COM0025a.bin_headers.txt
COM0025m.bin,COM0025m.bin_headers.txt
COM0026a.bin,COM0026a.bin_headers.txt
COM0026m.bin,COM0026m.bin_headers.txt
COM0027a.bin,COM0027a.bin_headers.txt
COM0027m.bin,COM0027m.bin_headers.txt
COM0028a.bin,COM0028a.bin_headers.txt
COM0028m.bin,COM0028m.bin_headers.txt
COM0029a.bin,COM0029a.bin_headers.txt
COM0029m.bin,COM0029m.bin_headers.txt
COM0030a.bin,COM0030a.bin_headers.txt
COM0030m.bin,COM0030m.bin_headers.txt
COM0031a.bin,COM0031a.bin_headers.txt
COM0031m.bin,COM0031m.bin_headers.txt
COM0032a.bin,COM0032a.bin_headers.txt
COM0032m.bin,COM0032m.bin_headers.txt
COM0033a.bin,COM0033a.bin_headers.txt
COM0033m.bin,COM0033m.bin_headers.txt
COM0034a.bin,COM0034a.bin_headers.txt
COM0034m.bin,COM0034m.bin_headers.txt
COM0035a.bin,COM0035a.bin_headers.txt
COM0035m.bin,COM0035m.bin_headers.txt
COM0036a.bin,COM0036a.bin_headers.txt
COM0037a.bin,COM0037a.bin_headers.txt
COM0038a.bin,COM0038a.bin_headers.txt
COM0038m.bin,COM0038m.bin_headers.txt
COM0039a.bin,COM0039a.bin_headers.txt
COM0041a.bin,COM0041a.bin_headers.txt
COM0041m.bin,COM0041m.bin_headers.txt
COM0042a.bin,COM0042a.bin_headers.txt
COM0043a.bin,COM0043a.bin_headers.txt
COM0043m.bin,COM0043m.bin_headers.txt
COM0044a.bin,COM0044a.bin_headers.txt
COM0044m.bin,COM0044m.bin_headers.txt
COM0045a.bin,COM0045a.bin_headers.txt
COM0045m.bin,COM0045m.bin_headers.txt
COM0046a.bin,COM0046a.bin_headers.txt
COM0047a.bin,COM0047a.bin_headers.txt
COM0047m.bin,COM0047m.bin_headers.txt
COM0048a.bin,COM0048a.bin_headers.txt
COM0048m.bin,COM0048m.bin_headers.txt
COM0049a.bin,COM0049a.bin_headers.txt
COM0049m.bin,COM0049m.bin_headers.txt
COM0050a.bin,COM0050a.bin_headers.txt
COM0050m.bin,COM0050m.bin_headers.txt
COM0051a.bin,COM0051a.bin_headers.txt
COM0051m.bin,COM0051m.bin_headers.txt
COM0052a.bin,COM0052a.bin_headers.txt
COM0052m.bin,COM0052m.bin_headers.txt
COM0053a.bin,COM0053a.bin_headers.txt
COM0054a.bin,COM0054a.bin_headers.txt
COM0054m.bin,COM0054m.bin_headers.txt
COM0055a.bin,COM0055a.bin_headers.txt
COM0055m.bin,COM0055m.bin_headers.txt
COM0056a.bin,COM0056a.bin_headers.txt
COM0056m.bin,COM0056m.bin_headers.txt
COM0057a.bin,COM0057a.bin_headers.txt
COM0057m.bin,COM0057m.bin_headers.txt
COM0058a.bin,COM0058a.bin_headers.txt
COM0058m.bin,COM0058m.bin_headers.txt
COM0059a.bin,COM0059a.bin_headers.txt
COM0059m.bin,COM0059m.bin_headers.txt
COM0060a.bin,COM0060a.bin_headers.txt
COM0060m.bin,COM0060m.bin_headers.txt
COM0061a.bin,COM0061a.bin_headers.txt
COM0061m.bin,COM0061m.bin_headers.txt
COM0062a.bin,COM0062a.bin_headers.txt
COM0062m.bin,COM0062m.bin_headers.txt
COM0063a.bin,COM0063a.bin_headers.txt
COM0063m.bin,COM0063m.bin_headers.txt
COM0064a.bin,COM0064a.bin_headers.txt
COM0064m.bin,COM0064m.bin_headers.txt
COM0065a.bin,COM0065a.bin_headers.txt
COM0065m.bin,COM0065m.bin_headers.txt
COM0066a.bin,COM0066a.bin_headers.txt
COM0066m.bin,COM0066m.bin_headers.txt
COM0067a.bin,COM0067a.bin_headers.txt
COM0067m.bin,COM0067m.bin_headers.txt
COM0068a.bin,COM0068a.bin_headers.txt
COM0068m.bin,COM0068m.bin_headers.txt
COM0069a.bin,COM0069a.bin_headers.txt
COM0069m.bin,COM0069m.bin_headers.txt
COM0070a.bin,COM0070a.bin_headers.txt
COM0070m.bin,COM0070m.bin_headers.txt
COM0071a.bin,COM0071a.bin_headers.txt
COM0071m.bin,COM0071m.bin_headers.txt
COM0072a.bin,COM0072a.bin_headers.txt
COM0072m.bin,COM0072m.bin_headers.txt
COM0073a.bin,COM0073a.bin_headers.txt
COM0073m.bin,COM0073m.bin_headers.txt
COM0074a.bin,COM0074a.bin_headers.txt
COM0074m.bin,COM0074m.bin_headers.txt
COM0075a.bin,COM0075a.bin_headers.txt
COM0075m.bin,COM0075m.bin_headers.txt
COM0076a.bin,COM0076a.bin_headers.txt
COM0076m.bin,COM0076m.bin_headers.txt
COM0077a.bin,COM0077a.bin_headers.txt
COM0077m.bin,COM0077m.bin_headers.txt
COM0078a.bin,COM0078a.bin_headers.txt
COM0078m.bin,COM0078m.bin_headers.txt
COM0079a.bin,COM0079a.bin_headers.txt
COM0079m.bin,COM0079m.bin_headers.txt
COM0081a.bin,COM0081a.bin_headers.txt
COM0081m.bin,COM0081m.bin_headers.txt
COM0082a.bin,COM0082a.bin_headers.txt
COM1001a.bin,COM1001a.bin_headers.txt
COM1002a.bin,COM1002a.bin_headers.txt
COM1003a.bin,COM1003a.bin_headers.txt
COM1005a.bin,COM1005a.bin_headers.txt
COM1006a.bin,COM1006a.bin_headers.txt
COM1010a.bin,COM1010a.bin_headers.txt
COM1015a.bin,COM1015a.bin_headers.txt
COM1016a.bin,COM1016a.bin_headers.txt
COM1017a.bin,COM1017a.bin_headers.txt
COM1018a.bin,COM1018a.bin_headers.txt
COM1021a.bin,COM1021a.bin_headers.txt
COM1021m.bin,COM1021m.bin_headers.txt
COM1022a.bin,COM1022a.bin_headers.txt
COM1023a.bin,COM1023a.bin_headers.txt
COM1024a.bin,COM1024a.bin_headers.txt
COM1024m.bin,COM1024m.bin_headers.txt
COM1025a.bin,COM1025a.bin_headers.txt
COM1025m.bin,COM1025m.bin_headers.txt
COM1026a.bin,COM1026a.bin_headers.txt
COM1026m.bin,COM1026m.bin_headers.txt
COM1027a.bin,COM1027a.bin_headers.txt
COM1027m.bin,COM1027m.bin_headers.txt
COM1028a.bin,COM1028a.bin_headers.txt
COM1028m.bin,COM1028m.bin_headers.txt
COM1029a.bin,COM1029a.bin_headers.txt
COM1029m.bin,COM1029m.bin_headers.txt
COM1030a.bin,COM1030a.bin_headers.txt
COM1030m.bin,COM1030m.bin_headers.txt
COM1031a.bin,COM1031a.bin_headers.txt
COM1031m.bin,COM1031m.bin_headers.txt
COM1032a.bin,COM1032a.bin_headers.txt
COM1033a.bin,COM1033a.bin_headers.txt
COM1033m.bin,COM1033m.bin_headers.txt
COM1034a.bin,COM1034a.bin_headers.txt
COM1035a.bin,COM1035a.bin_headers.txt
COM1035m.bin,COM1035m.bin_headers.txt
COM1036a.bin,COM1036a.bin_headers.txt
COM1036m.bin,COM1036m.bin_headers.txt
COM1037a.bin,COM1037a.bin_headers.txt
COM1038a.bin,COM1038a.bin_headers.txt
COM1038m.bin,COM1038m.bin_headers.txt
COM1039a.bin,COM1039a.bin_headers.txt
COM1039m.bin,COM1039m.bin_headers.txt
COM1040a.bin,COM1040a.bin_headers.txt
COM1041a.bin,COM1041a.bin_headers.txt
COM1042a.bin,COM1042a.bin_headers.txt
COM1043a.bin,COM1043a.bin_headers.txt
COM1044a.bin,COM1044a.bin_headers.txt
COM1045a.bin,COM1045a.bin_headers.txt
COM1046a.bin,COM1046a.bin_headers.txt
COM1046m.bin,COM1046m.bin_headers.txt
COM1047a.bin,COM1047a.bin_headers.txt
COM1047m.bin,COM1047m.bin_headers.txt
COM1048a.bin,COM1048a.bin_headers.txt
COM1049a.bin,COM1049a.bin_headers.txt
COM1050a.bin,COM1050a.bin_headers.txt
COM1050m.bin,COM1050m.bin_headers.txt
COM1051a.bin,COM1051a.bin_headers.txt
COM1052a.bin,COM1052a.bin_headers.txt
COM1052m.bin,COM1052m.bin_headers.txt
COM1053a.bin,COM1053a.bin_headers.txt
COM1054a.bin,COM1054a.bin_headers.txt
COM1054m.bin,COM1054m.bin_headers.txt
COM1055a.bin,COM1055a.bin_headers.txt
COM1056a.bin,COM1056a.bin_headers.txt
COM1057a.bin,COM1057a.bin_headers.txt
COM1057m.bin,COM1057m.bin_headers.txt
COM3001a.bin,COM3001a.bin_headers.txt
COM3002a.bin,COM3002a.bin_headers.txt
COM3002m.bin,COM3002m.bin_headers.txt
COM3003a.bin,COM3003a.bin_headers.txt
COM3004a.bin,COM3004a.bin_headers.txt
COM3006a.bin,COM3006a.bin_headers.txt
COM3007a.bin,COM3007a.bin_headers.txt
COM3008a.bin,COM3008a.bin_headers.txt
COM3009a.bin,COM3009a.bin_headers.txt
COM3010a.bin,COM3010a.bin_headers.txt
COM3011a.bin,COM3011a.bin_headers.txt
COM3012a.bin,COM3012a.bin_headers.txt
COM3013a.bin,COM3013a.bin_headers.txt
COM3014a.bin,COM3014a.bin_headers.txt
COM3015a.bin,COM3015a.bin_headers.txt
COM3016a.bin,COM3016a.bin_headers.txt
COM3017a.bin,COM3017a.bin_headers.txt
COM3018a.bin,COM3018a.bin_headers.txt
COM3019a.bin,COM3019a.bin_headers.txt
COM3020a.bin,COM3020a.bin_headers.txt
COM3021a.bin,COM3021a.bin_headers.txt
COM3022a.bin,COM3022a.bin_headers.txt
COM3023a.bin,COM3023a.bin_headers.txt
COM3024a.bin,COM3024a.bin_headers.txt
COM3025a.bin,COM3025a.bin_headers.txt
COM3026a.bin,COM3026a.bin_headers.txt
COM3026m.bin,COM3026m.bin_headers.txt
COM3027a.bin,COM3027a.bin_headers.txt
COM3028a.bin,COM3028a.bin_headers.txt
COM3029a.bin,COM3029a.bin_headers.txt
COM3030a.bin,COM3030a.bin_headers.txt
COM3031a.bin,COM3031a.bin_headers.txt
COM3032a.bin,COM3032a.bin_headers.txt
COM3033a.bin,COM3033a.bin_headers.txt
COM3034a.bin,COM3034a.bin_headers.txt
COM4001a.bin,COM4001a.bin_headers.txt
COM4001m.bin,COM4001m.bin_headers.txt
COM4002a.bin,COM4002a.bin_headers.txt
COM5001a.bin,COM5001a.bin_headers.txt
COM5001m.bin,COM5001m.bin_headers.txt
COM5002a.bin,COM5002a.bin_headers.txt
COM5002m.bin,COM5002m.bin_headers.txt
COM5021a.bin,COM5021a.bin_headers.txt
COM5021m.bin,COM5021m.bin_headers.txt
COM5022a.bin,COM5022a.bin_headers.txt
COM5022m.bin,COM5022m.bin_headers.txt
COM5023a.bin,COM5023a.bin_headers.txt
COM5023m.bin,COM5023m.bin_headers.txt
COM5024a.bin,COM5024a.bin_headers.txt
COM5024m.bin,COM5024m.bin_headers.txt
COM5025a.bin,COM5025a.bin_headers.txt
COM5025m.bin,COM5025m.bin_headers.txt
COM5026a.bin,COM5026a.bin_headers.txt
COM5026m.bin,COM5026m.bin_headers.txt
COM5027a.bin,COM5027a.bin_headers.txt
COM5027m.bin,COM5027m.bin_headers.txt
COM5028a.bin,COM5028a.bin_headers.txt
COM5028m.bin,COM5028m.bin_headers.txt
COM5029a.bin,COM5029a.bin_headers.txt
COM5030a.bin,COM5030a.bin_headers.txt
COM5030m.bin,COM5030m.bin_headers.txt
COM5037a.bin,COM5037a.bin_headers.txt
COM5037m.bin,COM5037m.bin_headers.txt
COM6001a.bin,COM6001a.bin_headers.txt
COM6001m.bin,COM6001m.bin_headers.txt
COM6002a.bin,COM6002a.bin_headers.txt
COM6002m.bin,COM6002m.bin_headers.txt
COM6003a.bin,COM6003a.bin_headers.txt
COS0001a.bin,COS0001a.bin_headers.txt
COS0001m.bin,COS0001m.bin_headers.txt
COS0002a.bin,COS0002a.bin_headers.txt
COS0003a.bin,COS0003a.bin_headers.txt
COS0004a.bin,COS0004a.bin_headers.txt
COS0004m.bin,COS0004m.bin_headers.txt
COS0005a.bin,COS0005a.bin_headers.txt
COS0005m.bin,COS0005m.bin_headers.txt
COS0006a.bin,COS0006a.bin_headers.txt
COS0006m.bin,COS0006m.bin_headers.txt
COS0007a.bin,COS0007a.bin_headers.txt
COS0008a.bin,COS0008a.bin_headers.txt
COS0008m.bin,COS0008m.bin_headers.txt
COS0009a.bin,COS0009a.bin_headers.txt
COS0009m.bin,COS0009m.bin_headers.txt
COS0010a.bin,COS0010a.bin_headers.txt
COS0010m.bin,COS0010m.bin_headers.txt
COS0011a.bin,COS0011a.bin_headers.txt
COS0011m.bin,COS0011m.bin_headers.txt
COS0012a.bin,COS0012a.bin_headers.txt
COS0012m.bin,COS0012m.bin_headers.txt
COS0013a.bin,COS0013a.bin_headers.txt
COS0013m.bin,COS0013m.bin_headers.txt
COS0014a.bin,COS0014a.bin_headers.txt
COS1001a.bin,COS1001a.bin_headers.txt
COS1002a.bin,COS1002a.bin_headers.txt
COS1003a.bin,COS1003a.bin_headers.txt
COS1003m.bin,COS1003m.bin_headers.txt
CPM1000a.bin,CPM1000a.bin_headers.txt
DBS0001a.bin,DBS0001a.bin_headers.txt
DBS0002a.bin,DBS0002a.bin_headers.txt
DBS0003a.bin,DBS0003a.bin_headers.txt
DBS0004a.bin,DBS0004a.bin_headers.txt
DBS0006a.bin,DBS0006a.bin_headers.txt
DBS0006m.bin,DBS0006m.bin_headers.txt
DBS0008a.bin,DBS0008a.bin_headers.txt
DBS0009a.bin,DBS0009a.bin_headers.txt
DBS0010a.bin,DBS0010a.bin_headers.txt
DBS0011a.bin,DBS0011a.bin_headers.txt
DBS0012a.bin,DBS0012a.bin_headers.txt
DBS1001a.bin,DBS1001a.bin_headers.txt
DBS1001m.bin,DBS1001m.bin_headers.txt
DBS1002a.bin,DBS1002a.bin_headers.txt
DBS1003a.bin,DBS1003a.bin_headers.txt
DBS1004a.bin,DBS1004a.bin_headers.txt
DBS1005a.bin,DBS1005a.bin_headers.txt
DBS1007a.bin,DBS1007a.bin_headers.txt
DBS1008a.bin,DBS1008a.bin_headers.txt
DBS1009a.bin,DBS1009a.bin_headers.txt
DBS1010a.bin,DBS1010a.bin_headers.txt
DBS1011a.bin,DBS1011a.bin_headers.txt
DMB0001a.bin,DMB0001a.bin_headers.txt
DTM0001a.bin,DTM0001a.bin_headers.txt
DTM0001m.bin,DTM0001m.bin_headers.txt
EBS0001a.bin,EBS0001a.bin_headers.txt
EBS0002a.bin,EBS0002a.bin_headers.txt
EBS0002m.bin,EBS0002m.bin_headers.txt
EBS0003a.bin,EBS0003a.bin_headers.txt
EBS0003m.bin,EBS0003m.bin_headers.txt
EBS0004a.bin,EBS0004a.bin_headers.txt
EBS0007a.bin,EBS0007a.bin_headers.txt
EBS0008a.bin,EBS0008a.bin_headers.txt
EBS0008m.bin,EBS0008m.bin_headers.txt
EBS0009a.bin,EBS0009a.bin_headers.txt
EBS0009m.bin,EBS0009m.bin_headers.txt
EBS0010a.bin,EBS0010a.bin_headers.txt
EBS0010m.bin,EBS0010m.bin_headers.txt
EBS0011a.bin,EBS0011a.bin_headers.txt
EBS0011m.bin,EBS0011m.bin_headers.txt
EBS0012a.bin,EBS0012a.bin_headers.txt
EBS0012m.bin,EBS0012m.bin_headers.txt
EBS0013a.bin,EBS0013a.bin_headers.txt
EBS0013d.bin,EBS0013d.bin_headers.txt
EBS0014a.bin,EBS0014a.bin_headers.txt
EBS0014m.bin,EBS0014m.bin_headers.txt
EBS0015a.bin,EBS0015a.bin_headers.txt
EBS0015m.bin,EBS0015m.bin_headers.txt
ETG0001a.bin,ETG0001a.bin_headers.txt
ETG0001m.bin,ETG0001m.bin_headers.txt
ETG0002a.bin,ETG0002a.bin_headers.txt
ETG0002m.bin,ETG0002m.bin_headers.txt
ETG0003a.bin,ETG0003a.bin_headers.txt
ETG0003m.bin,ETG0003m.bin_headers.txt
FAL0001a.bin,FAL0001a.bin_headers.txt
FAL0001m.bin,FAL0001m.bin_headers.txt
FAL0003a.bin,FAL0003a.bin_headers.txt
FAL0003m.bin,FAL0003m.bin_headers.txt
FAL0005a.bin,FAL0005a.bin_headers.txt
FAL0005m.bin,FAL0005m.bin_headers.txt
FAL0006a.bin,FAL0006a.bin_headers.txt
FAL0007a.bin,FAL0007a.bin_headers.txt
FAL0008a.bin,FAL0008a.bin_headers.txt
FAL0008m.bin,FAL0008m.bin_headers.txt
FAL0009a.bin,FAL0009a.bin_headers.txt
FAL0010a.bin,FAL0010a.bin_headers.txt
FAL0010m.bin,FAL0010m.bin_headers.txt
FAL0011a.bin,FAL0011a.bin_headers.txt
FAL0011m.bin,FAL0011m.bin_headers.txt
FAL0012a.bin,FAL0012a.bin_headers.txt
FAL0013a.bin,FAL0013a.bin_headers.txt
FAL0014a.bin,FAL0014a.bin_headers.txt
FAL0014m.bin,FAL0014m.bin_headers.txt
FAL0015a.bin,FAL0015a.bin_headers.txt
FAL0015m.bin,FAL0015m.bin_headers.txt
FAL0016a.bin,FAL0016a.bin_headers.txt
FAL0017a.bin,FAL0017a.bin_headers.txt
FAL0018a.bin,FAL0018a.bin_headers.txt
FAL0018m.bin,FAL0018m.bin_headers.txt
FAL0019a.bin,FAL0019a.bin_headers.txt
FAL0020a.bin,FAL0020a.bin_headers.txt
FAL0021a.bin,FAL0021a.bin_headers.txt
FAL0028a.bin,FAL0028a.bin_headers.txt
FAL0028m.bin,FAL0028m.bin_headers.txt
FAL0030a.bin,FAL0030a.bin_headers.txt
FAL0031a.bin,FAL0031a.bin_headers.txt
FAL0031m.bin,FAL0031m.bin_headers.txt
FAL0032a.bin,FAL0032a.bin_headers.txt
FAL0033a.bin,FAL0033a.bin_headers.txt
FAL0051a.bin,FAL0051a.bin_headers.txt
FAL0051d.bin,FAL0051d.bin_headers.txt
FAL0051m.bin,FAL0051m.bin_headers.txt
FAL0052a.bin,FAL0052a.bin_headers.txt
FAL0052m.bin,FAL0052m.bin_headers.txt
FAL0053a.bin,FAL0053a.bin_headers.txt
FAL0053d.bin,FAL0053d.bin_headers.txt
FAL0053m.bin,FAL0053m.bin_headers.txt
FAL0054a.bin,FAL0054a.bin_headers.txt
FAL0055a.bin,FAL0055a.bin_headers.txt
FAL0055d.bin,FAL0055d.bin_headers.txt
FAL0056a.bin,FAL0056a.bin_headers.txt
FAL0057a.bin,FAL0057a.bin_headers.txt
FAL0058a.bin,FAL0058a.bin_headers.txt
FAL0058d.bin,FAL0058d.bin_headers.txt
FAL0058m.bin,FAL0058m.bin_headers.txt
FAL0059a.bin,FAL0059a.bin_headers.txt
FAL0059m.bin,FAL0059m.bin_headers.txt
FAL0060a.bin,FAL0060a.bin_headers.txt
FAL0060d.bin,FAL0060d.bin_headers.txt
FAL0060m.bin,FAL0060m.bin_headers.txt
FAL0061a.bin,FAL0061a.bin_headers.txt
FAL0061m.bin,FAL0061m.bin_headers.txt
FAL0062a.bin,FAL0062a.bin_headers.txt
FAL0062d.bin,FAL0062d.bin_headers.txt
FAL0062m.bin,FAL0062m.bin_headers.txt
FAL0063a.bin,FAL0063a.bin_headers.txt
FAL0063d.bin,FAL0063d.bin_headers.txt
FAL0063m.bin,FAL0063m.bin_headers.txt
FAL0064a.bin,FAL0064a.bin_headers.txt
FAL0064m.bin,FAL0064m.bin_headers.txt
FAL0065a.bin,FAL0065a.bin_headers.txt
FAL0065m.bin,FAL0065m.bin_headers.txt
FAL0066a.bin,FAL0066a.bin_headers.txt
FAL0067a.bin,FAL0067a.bin_headers.txt
FAL0068a.bin,FAL0068a.bin_headers.txt
FAL0068m.bin,FAL0068m.bin_headers.txt
FAL0069a.bin,FAL0069a.bin_headers.txt
FAL0070a.bin,FAL0070a.bin_headers.txt
FAL0070m.bin,FAL0070m.bin_headers.txt
FAL0071a.bin,FAL0071a.bin_headers.txt
FAL0071m.bin,FAL0071m.bin_headers.txt
FAL0072a.bin,FAL0072a.bin_headers.txt
FAL0072m.bin,FAL0072m.bin_headers.txt
FAL0073a.bin,FAL0073a.bin_headers.txt
FAL0073m.bin,FAL0073m.bin_headers.txt
FAL0074a.bin,FAL0074a.bin_headers.txt
FAL0074m.bin,FAL0074m.bin_headers.txt
FAL0075a.bin,FAL0075a.bin_headers.txt
FAL0075m.bin,FAL0075m.bin_headers.txt
FAL0078a.bin,FAL0078a.bin_headers.txt
FAL0078m.bin,FAL0078m.bin_headers.txt
FAL0079a.bin,FAL0079a.bin_headers.txt
FAL0079m.bin,FAL0079m.bin_headers.txt
FAL0080a.bin,FAL0080a.bin_headers.txt
FAL0080d.bin,FAL0080d.bin_headers.txt
FAL0080m.bin,FAL0080m.bin_headers.txt
FAL0081a.bin,FAL0081a.bin_headers.txt
FAL0081d.bin,FAL0081d.bin_headers.txt
FAL0081m.bin,FAL0081m.bin_headers.txt
FAL0082a.bin,FAL0082a.bin_headers.txt
FAL0082m.bin,FAL0082m.bin_headers.txt
FAL0083a.bin,FAL0083a.bin_headers.txt
FAL0083m.bin,FAL0083m.bin_headers.txt
FAL0084a.bin,FAL0084a.bin_headers.txt
FAL0084m.bin,FAL0084m.bin_headers.txt
FAL0085a.bin,FAL0085a.bin_headers.txt
FAL0086a.bin,FAL0086a.bin_headers.txt
FAL0087a.bin,FAL0087a.bin_headers.txt
FAL0087m.bin,FAL0087m.bin_headers.txt
FAL0088a.bin,FAL0088a.bin_headers.txt
FAL0088m.bin,FAL0088m.bin_headers.txt
FAL0089a.bin,FAL0089a.bin_headers.txt
FAL0090a.bin,FAL0090a.bin_headers.txt
FAL0091a.bin,FAL0091a.bin_headers.txt
FAL0092a.bin,FAL0092a.bin_headers.txt
FAL0093a.bin,FAL0093a.bin_headers.txt
FAL0094a.bin,FAL0094a.bin_headers.txt
FAL0095a.bin,FAL0095a.bin_headers.txt
FAL0096a.bin,FAL0096a.bin_headers.txt
FAL0096m.bin,FAL0096m.bin_headers.txt
FAL0097a.bin,FAL0097a.bin_headers.txt
FAL0097m.bin,FAL0097m.bin_headers.txt
FAL0098a.bin,FAL0098a.bin_headers.txt
FAL0099a.bin,FAL0099a.bin_headers.txt
FAL0099m.bin,FAL0099m.bin_headers.txt
FAL0100a.bin,FAL0100a.bin_headers.txt
FAL0100m.bin,FAL0100m.bin_headers.txt
FAL0101a.bin,FAL0101a.bin_headers.txt
FAL0101d.bin,FAL0101d.bin_headers.txt
FAL0101m.bin,FAL0101m.bin_headers.txt
FAL0102a.bin,FAL0102a.bin_headers.txt
FAL0102d.bin,FAL0102d.bin_headers.txt
FAL0102m.bin,FAL0102m.bin_headers.txt
FAL0103a.bin,FAL0103a.bin_headers.txt
FAL0103m.bin,FAL0103m.bin_headers.txt
FAL0104a.bin,FAL0104a.bin_headers.txt
FAL0104m.bin,FAL0104m.bin_headers.txt
FAL0105a.bin,FAL0105a.bin_headers.txt
FAL0105m.bin,FAL0105m.bin_headers.txt
FAL0106a.bin,FAL0106a.bin_headers.txt
FAL0106d.bin,FAL0106d.bin_headers.txt
FAL0106m.bin,FAL0106m.bin_headers.txt
FAL0107a.bin,FAL0107a.bin_headers.txt
FAL0107d.bin,FAL0107d.bin_headers.txt
FAL0107m.bin,FAL0107m.bin_headers.txt
FAL0108a.bin,FAL0108a.bin_headers.txt
FAL0108d.bin,FAL0108d.bin_headers.txt
FAL0108m.bin,FAL0108m.bin_headers.txt
FAL0109a.bin,FAL0109a.bin_headers.txt
FAL0109d.bin,FAL0109d.bin_headers.txt
FAL0109m.bin,FAL0109m.bin_headers.txt
FAL0110a.bin,FAL0110a.bin_headers.txt
FAL0110d.bin,FAL0110d.bin_headers.txt
FAL0110m.bin,FAL0110m.bin_headers.txt
FAL0111a.bin,FAL0111a.bin_headers.txt
FAL0111m.bin,FAL0111m.bin_headers.txt
FAL0112a.bin,FAL0112a.bin_headers.txt
FAL0112d.bin,FAL0112d.bin_headers.txt
FAL0112m.bin,FAL0112m.bin_headers.txt
FAL0113a.bin,FAL0113a.bin_headers.txt
FAL0113d.bin,FAL0113d.bin_headers.txt
FAL0113m.bin,FAL0113m.bin_headers.txt
FAL0114a.bin,FAL0114a.bin_headers.txt
FAL0114m.bin,FAL0114m.bin_headers.txt
FAL0115a.bin,FAL0115a.bin_headers.txt
FAL0115d.bin,FAL0115d.bin_headers.txt
FAL0115m.bin,FAL0115m.bin_headers.txt
FAL0116a.bin,FAL0116a.bin_headers.txt
FAL0116d.bin,FAL0116d.bin_headers.txt
FAL0116m.bin,FAL0116m.bin_headers.txt
FAL0117a.bin,FAL0117a.bin_headers.txt
FAL0117m.bin,FAL0117m.bin_headers.txt
FAL0118a.bin,FAL0118a.bin_headers.txt
FAL0118m.bin,FAL0118m.bin_headers.txt
FAL0119a.bin,FAL0119a.bin_headers.txt
FAL0119d.bin,FAL0119d.bin_headers.txt
FAL0119m.bin,FAL0119m.bin_headers.txt
FAL0120a.bin,FAL0120a.bin_headers.txt
FAL0120m.bin,FAL0120m.bin_headers.txt
FAL0121a.bin,FAL0121a.bin_headers.txt
FAL0121m.bin,FAL0121m.bin_headers.txt
FAL0122a.bin,FAL0122a.bin_headers.txt
FAL0122m.bin,FAL0122m.bin_headers.txt
FAL0123a.bin,FAL0123a.bin_headers.txt
FAL0123m.bin,FAL0123m.bin_headers.txt
FAL0124a.bin,FAL0124a.bin_headers.txt
FAL0124m.bin,FAL0124m.bin_headers.txt
FAL0125a.bin,FAL0125a.bin_headers.txt
FAL0125m.bin,FAL0125m.bin_headers.txt
FAL0126a.bin,FAL0126a.bin_headers.txt
FAL0126m.bin,FAL0126m.bin_headers.txt
FAL0127a.bin,FAL0127a.bin_headers.txt
FAL0127m.bin,FAL0127m.bin_headers.txt
FAL0128a.bin,FAL0128a.bin_headers.txt
FAL0128m.bin,FAL0128m.bin_headers.txt
FAL0129a.bin,FAL0129a.bin_headers.txt
FAL0129m.bin,FAL0129m.bin_headers.txt
FAL0130a.bin,FAL0130a.bin_headers.txt
FAL0130m.bin,FAL0130m.bin_headers.txt
FAL0131a.bin,FAL0131a.bin_headers.txt
FAL0131m.bin,FAL0131m.bin_headers.txt
FAL0132a.bin,FAL0132a.bin_headers.txt
FAL0132m.bin,FAL0132m.bin_headers.txt
FAL0133a.bin,FAL0133a.bin_headers.txt
FAL0133m.bin,FAL0133m.bin_headers.txt
FAL1001a.bin,FAL1001a.bin_headers.txt
FAL1002a.bin,FAL1002a.bin_headers.txt
FAL1003a.bin,FAL1003a.bin_headers.txt
FAL1003m.bin,FAL1003m.bin_headers.txt
FAL1005a.bin,FAL1005a.bin_headers.txt
FAL1005m.bin,FAL1005m.bin_headers.txt
FAL1006a.bin,FAL1006a.bin_headers.txt
FAL1006m.bin,FAL1006m.bin_headers.txt
FAL1051a.bin,FAL1051a.bin_headers.txt
FAL1051m.bin,FAL1051m.bin_headers.txt
FAL1052a.bin,FAL1052a.bin_headers.txt
FAL1053a.bin,FAL1053a.bin_headers.txt
FAL1053m.bin,FAL1053m.bin_headers.txt
FAL1054a.bin,FAL1054a.bin_headers.txt
FAL1054m.bin,FAL1054m.bin_headers.txt
FAL1055a.bin,FAL1055a.bin_headers.txt
FAL1055m.bin,FAL1055m.bin_headers.txt
FAL1056a.bin,FAL1056a.bin_headers.txt
FAL1056m.bin,FAL1056m.bin_headers.txt
FAL1057a.bin,FAL1057a.bin_headers.txt
FAL1057m.bin,FAL1057m.bin_headers.txt
FAL1058a.bin,FAL1058a.bin_headers.txt
FAL1058m.bin,FAL1058m.bin_headers.txt
FAL1059a.bin,FAL1059a.bin_headers.txt
FAL1059m.bin,FAL1059m.bin_headers.txt
FAL1060a.bin,FAL1060a.bin_headers.txt
FAL1060m.bin,FAL1060m.bin_headers.txt
FAL1061a.bin,FAL1061a.bin_headers.txt
FAL1061m.bin,FAL1061m.bin_headers.txt
FAL1062a.bin,FAL1062a.bin_headers.txt
FAL1062m.bin,FAL1062m.bin_headers.txt
FAL1063a.bin,FAL1063a.bin_headers.txt
FAL1063m.bin,FAL1063m.bin_headers.txt
FAL1064a.bin,FAL1064a.bin_headers.txt
FAL1064m.bin,FAL1064m.bin_headers.txt
FAM0002a.bin,FAM0002a.bin_headers.txt
FAM0003a.bin,FAM0003a.bin_headers.txt
FAM0006a.bin,FAM0006a.bin_headers.txt
FAM0006m.bin,FAM0006m.bin_headers.txt
FAM0007a.bin,FAM0007a.bin_headers.txt
FAM0007m.bin,FAM0007m.bin_headers.txt
FAM0008a.bin,FAM0008a.bin_headers.txt
FAM0008m.bin,FAM0008m.bin_headers.txt
FAM0009a.bin,FAM0009a.bin_headers.txt
FAM0009m.bin,FAM0009m.bin_headers.txt
FAM0010a.bin,FAM0010a.bin_headers.txt
FAM0010m.bin,FAM0010m.bin_headers.txt
FAM1001a.bin,FAM1001a.bin_headers.txt
FAM1002a.bin,FAM1002a.bin_headers.txt
FAM1004a.bin,FAM1004a.bin_headers.txt
FAS0001a.bin,FAS0001a.bin_headers.txt
FAS1001a.bin,FAS1001a.bin_headers.txt
FAS1002a.bin,FAS1002a.bin_headers.txt
FAS1003a.bin,FAS1003a.bin_headers.txt
FAS1007a.bin,FAS1007a.bin_headers.txt
FUG0002a.bin,FUG0002a.bin_headers.txt
FUG0002m.bin,FUG0002m.bin_headers.txt
FUG0003a.bin,FUG0003a.bin_headers.txt
FUG0003m.bin,FUG0003m.bin_headers.txt
FUG0004a.bin,FUG0004a.bin_headers.txt
FUG0005a.bin,FUG0005a.bin_headers.txt
FUG0005m.bin,FUG0005m.bin_headers.txt
GAR0001a.bin,GAR0001a.bin_headers.txt
GAR0002a.bin,GAR0002a.bin_headers.txt
GAR0003a.bin,GAR0003a.bin_headers.txt
GAR0004a.bin,GAR0004a.bin_headers.txt
GAR0004m.bin,GAR0004m.bin_headers.txt
GAR0005a.bin,GAR0005a.bin_headers.txt
GAR0006a.bin,GAR0006a.bin_headers.txt
GAR0008a.bin,GAR0008a.bin_headers.txt
GAR0011a.bin,GAR0011a.bin_headers.txt
GAR0012a.bin,GAR0012a.bin_headers.txt
GAR0012d.bin,GAR0012d.bin_headers.txt
GAR0012m.bin,GAR0012m.bin_headers.txt
GAR0013a.bin,GAR0013a.bin_headers.txt
GAR0013d.bin,GAR0013d.bin_headers.txt
GAR0013m.bin,GAR0013m.bin_headers.txt
GAR0014a.bin,GAR0014a.bin_headers.txt
GAR0014d.bin,GAR0014d.bin_headers.txt
GAR0014m.bin,GAR0014m.bin_headers.txt
GAR0015a.bin,GAR0015a.bin_headers.txt
GAR0015m.bin,GAR0015m.bin_headers.txt
GAR0016a.bin,GAR0016a.bin_headers.txt
GAR0016m.bin,GAR0016m.bin_headers.txt
GAR0017a.bin,GAR0017a.bin_headers.txt
GAR1001a.bin,GAR1001a.bin_headers.txt
GAR1002a.bin,GAR1002a.bin_headers.txt
GDA0001a.bin,GDA0001a.bin_headers.txt
GDA0001m.bin,GDA0001m.bin_headers.txt
GDA0002a.bin,GDA0002a.bin_headers.txt
GDA0003a.bin,GDA0003a.bin_headers.txt
GDA0003m.bin,GDA0003m.bin_headers.txt
GMD0001a.bin,GMD0001a.bin_headers.txt
GMD0001m.bin,GMD0001m.bin_headers.txt
GMD0002a.bin,GMD0002a.bin_headers.txt
GMD0002m.bin,GMD0002m.bin_headers.txt
GMD0003a.bin,GMD0003a.bin_headers.txt
GMD0003m.bin,GMD0003m.bin_headers.txt
GMD0004a.bin,GMD0004a.bin_headers.txt
GMD0004m.bin,GMD0004m.bin_headers.txt
GMD0005a.bin,GMD0005a.bin_headers.txt
GMD0005m.bin,GMD0005m.bin_headers.txt
GMD0006a.bin,GMD0006a.bin_headers.txt
GMD0006m.bin,GMD0006m.bin_headers.txt
GMD0007a.bin,GMD0007a.bin_headers.txt
GMD0007m.bin,GMD0007m.bin_headers.txt
GMD0008a.bin,GMD0008a.bin_headers.txt
GMD0008m.bin,GMD0008m.bin_headers.txt
GMD0009a.bin,GMD0009a.bin_headers.txt
GMD0009m.bin,GMD0009m.bin_headers.txt
GMD0010a.bin,GMD0010a.bin_headers.txt
GMD0010m.bin,GMD0010m.bin_headers.txt
GMD0011a.bin,GMD0011a.bin_headers.txt
GMD0011m.bin,GMD0011m.bin_headers.txt
GMD0012a.bin,GMD0012a.bin_headers.txt
GMD0012m.bin,GMD0012m.bin_headers.txt
GMD0013a.bin,GMD0013a.bin_headers.txt
GMD0013m.bin,GMD0013m.bin_headers.txt
GMD0014a.bin,GMD0014a.bin_headers.txt
GMD0014m.bin,GMD0014m.bin_headers.txt
GMD0015a.bin,GMD0015a.bin_headers.txt
GMD0015m.bin,GMD0015m.bin_headers.txt
GMD0016a.bin,GMD0016a.bin_headers.txt
GMD0016m.bin,GMD0016m.bin_headers.txt
GMD0017a.bin,GMD0017a.bin_headers.txt
GMD0017m.bin,GMD0017m.bin_headers.txt
GMD0018a.bin,GMD0018a.bin_headers.txt
GMD0018m.bin,GMD0018m.bin_headers.txt
GMD0019a.bin,GMD0019a.bin_headers.txt
GMD0019m.bin,GMD0019m.bin_headers.txt
GMD0020a.bin,GMD0020a.bin_headers.txt
GMD0021a.bin,GMD0021a.bin_headers.txt
GMD0021m.bin,GMD0021m.bin_headers.txt
GMD0022a.bin,GMD0022a.bin_headers.txt
GMD0023a.bin,GMD0023a.bin_headers.txt
GMD0023m.bin,GMD0023m.bin_headers.txt
GMD0024a.bin,GMD0024a.bin_headers.txt
GMD0025a.bin,GMD0025a.bin_headers.txt
GMD0025m.bin,GMD0025m.bin_headers.txt
GMD0026a.bin,GMD0026a.bin_headers.txt
GMD0026m.bin,GMD0026m.bin_headers.txt
GMD0027a.bin,GMD0027a.bin_headers.txt
GMD0027m.bin,GMD0027m.bin_headers.txt
GMD0028a.bin,GMD0028a.bin_headers.txt
GMD0028m.bin,GMD0028m.bin_headers.txt
GMD0029a.bin,GMD0029a.bin_headers.txt
GMD0029m.bin,GMD0029m.bin_headers.txt
GMD0030a.bin,GMD0030a.bin_headers.txt
GMD0030m.bin,GMD0030m.bin_headers.txt
GMD0031a.bin,GMD0031a.bin_headers.txt
GMD0031m.bin,GMD0031m.bin_headers.txt
GMD0032a.bin,GMD0032a.bin_headers.txt
GNX0001a.bin,GNX0001a.bin_headers.txt
GNX0001m.bin,GNX0001m.bin_headers.txt
GNX0002a.bin,GNX0002a.bin_headers.txt
GNX0002m.bin,GNX0002m.bin_headers.txt
GNX0003a.bin,GNX0003a.bin_headers.txt
GNX0003m.bin,GNX0003m.bin_headers.txt
GNX0004a.bin,GNX0004a.bin_headers.txt
GNX0004m.bin,GNX0004m.bin_headers.txt
HAM0001a.bin,HAM0001a.bin_headers.txt
HAM0001d.bin,HAM0001d.bin_headers.txt
HAM0001m.bin,HAM0001m.bin_headers.txt
HAM0002a.bin,HAM0002a.bin_headers.txt
HAM0002d.bin,HAM0002d.bin_headers.txt
HAM0003a.bin,HAM0003a.bin_headers.txt
HAM0003m.bin,HAM0003m.bin_headers.txt
HAM0004a.bin,HAM0004a.bin_headers.txt
HAM0005a.bin,HAM0005a.bin_headers.txt
HAM0005d.bin,HAM0005d.bin_headers.txt
HAM0006a.bin,HAM0006a.bin_headers.txt
HAM0007a.bin,HAM0007a.bin_headers.txt
HAM0008a.bin,HAM0008a.bin_headers.txt
HAM0008m.bin,HAM0008m.bin_headers.txt
HAM0009a.bin,HAM0009a.bin_headers.txt
HAM0010a.bin,HAM0010a.bin_headers.txt
HAM0010m.bin,HAM0010m.bin_headers.txt
HAM0011a.bin,HAM0011a.bin_headers.txt
HAM0011d.bin,HAM0011d.bin_headers.txt
HAM0011m.bin,HAM0011m.bin_headers.txt
HAM0012a.bin,HAM0012a.bin_headers.txt
HAM0012d.bin,HAM0012d.bin_headers.txt
HAM0012m.bin,HAM0012m.bin_headers.txt
HAM0013a.bin,HAM0013a.bin_headers.txt
HAM0014a.bin,HAM0014a.bin_headers.txt
HAM0014m.bin,HAM0014m.bin_headers.txt
HAM0015a.bin,HAM0015a.bin_headers.txt
HAM0015m.bin,HAM0015m.bin_headers.txt
HAM0016a.bin,HAM0016a.bin_headers.txt
HAM0017a.bin,HAM0017a.bin_headers.txt
HAM0017m.bin,HAM0017m.bin_headers.txt
HAM0018a.bin,HAM0018a.bin_headers.txt
HAM1001a.bin,HAM1001a.bin_headers.txt
HAM1002a.bin,HAM1002a.bin_headers.txt
HAM1003a.bin,HAM1003a.bin_headers.txt
HAM1003m.bin,HAM1003m.bin_headers.txt
HAM1004a.bin,HAM1004a.bin_headers.txt
HAM1005a.bin,HAM1005a.bin_headers.txt
HOK0001a.bin,HOK0001a.bin_headers.txt
HOK0001m.bin,HOK0001m.bin_headers.txt
HOK0002a.bin,HOK0002a.bin_headers.txt
HOK0002m.bin,HOK0002m.bin_headers.txt
HOK0003a.bin,HOK0003a.bin_headers.txt
HOK0003m.bin,HOK0003m.bin_headers.txt
HOT0002a.bin,HOT0002a.bin_headers.txt
HOT0002m.bin,HOT0002m.bin_headers.txt
HOT0004a.bin,HOT0004a.bin_headers.txt
HOT0006a.bin,HOT0006a.bin_headers.txt
HOT0007a.bin,HOT0007a.bin_headers.txt
HOT0011a.bin,HOT0011a.bin_headers.txt
HOT0012a.bin,HOT0012a.bin_headers.txt
HOT1001a.bin,HOT1001a.bin_headers.txt
HOT1002a.bin,HOT1002a.bin_headers.txt
HOT1003a.bin,HOT1003a.bin_headers.txt
HOT1004a.bin,HOT1004a.bin_headers.txt
HOT1005a.bin,HOT1005a.bin_headers.txt
HOT1006a.bin,HOT1006a.bin_headers.txt
HOT1007a.bin,HOT1007a.bin_headers.txt
HRZ1001a.bin,HRZ1001a.bin_headers.txt
HRZ1002a.bin,HRZ1002a.bin_headers.txt
HUD0001a.bin,HUD0001a.bin_headers.txt
HUD0001m.bin,HUD0001m.bin_headers.txt
HUD1001a.bin,HUD1001a.bin_headers.txt
IMX0001a.bin,IMX0001a.bin_headers.txt
IMX0001m.bin,IMX0001m.bin_headers.txt
IMX0002a.bin,IMX0002a.bin_headers.txt
IMX0002m.bin,IMX0002m.bin_headers.txt
IMX0003a.bin,IMX0003a.bin_headers.txt
IMX0003m.bin,IMX0003m.bin_headers.txt
IMX0004a.bin,IMX0004a.bin_headers.txt
IMX0004m.bin,IMX0004m.bin_headers.txt
IMX0005a.bin,IMX0005a.bin_headers.txt
IMX0005m.bin,IMX0005m.bin_headers.txt
IMX0006a.bin,IMX0006a.bin_headers.txt
IMX0006m.bin,IMX0006m.bin_headers.txt
IMX0007a.bin,IMX0007a.bin_headers.txt
IMX0007m.bin,IMX0007m.bin_headers.txt
IMX0008a.bin,IMX0008a.bin_headers.txt
IMX0008m.bin,IMX0008m.bin_headers.txt
IMX0009a.bin,IMX0009a.bin_headers.txt
IMX0009m.bin,IMX0009m.bin_headers.txt
IMX0010a.bin,IMX0010a.bin_headers.txt
IMX0010m.bin,IMX0010m.bin_headers.txt
IMX0011a.bin,IMX0011a.bin_headers.txt
IMX0011m.bin,IMX0011m.bin_headers.txt
IMX0012a.bin,IMX0012a.bin_headers.txt
IMX0012m.bin,IMX0012m.bin_headers.txt
IMX0013a.bin,IMX0013a.bin_headers.txt
IMX0013m.bin,IMX0013m.bin_headers.txt
IPM0001a.bin,IPM0001a.bin_headers.txt
IPM0001m.bin,IPM0001m.bin_headers.txt
ISE0001a.bin,ISE0001a.bin_headers.txt
ISE0001m.bin,ISE0001m.bin_headers.txt
ISE0002a.bin,ISE0002a.bin_headers.txt
ISE0002m.bin,ISE0002m.bin_headers.txt
JLC0001a.bin,JLC0001a.bin_headers.txt
JLC0001m.bin,JLC0001m.bin_headers.txt
JLC0002a.bin,JLC0002a.bin_headers.txt
JLC0002m.bin,JLC0002m.bin_headers.txt
JLC0003a.bin,JLC0003a.bin_headers.txt
JLC0003m.bin,JLC0003m.bin_headers.txt
JLC0004a.bin,JLC0004a.bin_headers.txt
JLC0004m.bin,JLC0004m.bin_headers.txt
JLC0005a.bin,JLC0005a.bin_headers.txt
JLC0005m.bin,JLC0005m.bin_headers.txt
JLC0006a.bin,JLC0006a.bin_headers.txt
JLC0006m.bin,JLC0006m.bin_headers.txt
JLC0007a.bin,JLC0007a.bin_headers.txt
JLC0007m.bin,JLC0007m.bin_headers.txt
JLC0008a.bin,JLC0008a.bin_headers.txt
JLC0008m.bin,JLC0008m.bin_headers.txt
JLC0009a.bin,JLC0009a.bin_headers.txt
JLC0009m.bin,JLC0009m.bin_headers.txt
JLC0010a.bin,JLC0010a.bin_headers.txt
JLC0010m.bin,JLC0010m.bin_headers.txt
JLC0011a.bin,JLC0011a.bin_headers.txt
JLC0011m.bin,JLC0011m.bin_headers.txt
JLC0012a.bin,JLC0012a.bin_headers.txt
JLC0012m.bin,JLC0012m.bin_headers.txt
JLC0013a.bin,JLC0013a.bin_headers.txt
JLC0013m.bin,JLC0013m.bin_headers.txt
JLC0014a.bin,JLC0014a.bin_headers.txt
JLC0015a.bin,JLC0015a.bin_headers.txt
JLC0015m.bin,JLC0015m.bin_headers.txt
KDK0001a.bin,KDK0001a.bin_headers.txt
KDK0001m.bin,KDK0001m.bin_headers.txt
KNK0001a.bin,KNK0001a.bin_headers.txt
KNK0001m.bin,KNK0001m.bin_headers.txt
KNK0002a.bin,KNK0002a.bin_headers.txt
KNK0002m.bin,KNK0002m.bin_headers.txt
KNK0003a.bin,KNK0003a.bin_headers.txt
KNK0003m.bin,KNK0003m.bin_headers.txt
KNK0004a.bin,KNK0004a.bin_headers.txt
KNK0005a.bin,KNK0005a.bin_headers.txt
KNK0005m.bin,KNK0005m.bin_headers.txt
KNM0001a.bin,KNM0001a.bin_headers.txt
KNM0001m.bin,KNM0001m.bin_headers.txt
KNM0002a.bin,KNM0002a.bin_headers.txt
KNM0002m.bin,KNM0002m.bin_headers.txt
KNM0003a.bin,KNM0003a.bin_headers.txt
KNM0003m.bin,KNM0003m.bin_headers.txt
KNM1001a.bin,KNM1001a.bin_headers.txt
KNM1001m.bin,KNM1001m.bin_headers.txt
KNM1002a.bin,KNM1002a.bin_headers.txt
KNM1002m.bin,KNM1002m.bin_headers.txt
KNM1003a.bin,KNM1003a.bin_headers.txt
KNM1003m.bin,KNM1003m.bin_headers.txt
KNM1004a.bin,KNM1004a.bin_headers.txt
KNM1004m.bin,KNM1004m.bin_headers.txt
KNM1005a.bin,KNM1005a.bin_headers.txt
KNM1005m.bin,KNM1005m.bin_headers.txt
KNM1006a.bin,KNM1006a.bin_headers.txt
KNM1006m.bin,KNM1006m.bin_headers.txt
KNM1007a.bin,KNM1007a.bin_headers.txt
KNM1007m.bin,KNM1007m.bin_headers.txt
KNM1008a.bin,KNM1008a.bin_headers.txt
KNM1008m.bin,KNM1008m.bin_headers.txt
KNM1009a.bin,KNM1009a.bin_headers.txt
KNM1009m.bin,KNM1009m.bin_headers.txt
KNM1010a.bin,KNM1010a.bin_headers.txt
KNM1010m.bin,KNM1010m.bin_headers.txt
KNM1011a.bin,KNM1011a.bin_headers.txt
KNM1011m.bin,KNM1011m.bin_headers.txt
KNM1012a.bin,KNM1012a.bin_headers.txt
KNM1012m.bin,KNM1012m.bin_headers.txt
KNM1013a.bin,KNM1013a.bin_headers.txt
KNM1013m.bin,KNM1013m.bin_headers.txt
KNM1014a.bin,KNM1014a.bin_headers.txt
KNM1014m.bin,KNM1014m.bin_headers.txt
KNM1015a.bin,KNM1015a.bin_headers.txt
KNM1015m.bin,KNM1015m.bin_headers.txt
KNM1016a.bin,KNM1016a.bin_headers.txt
KNM1016m.bin,KNM1016m.bin_headers.txt
KNM1017a.bin,KNM1017a.bin_headers.txt
KNM1017m.bin,KNM1017m.bin_headers.txt
KNM1018a.bin,KNM1018a.bin_headers.txt
KNM1018m.bin,KNM1018m.bin_headers.txt
KNM1019a.bin,KNM1019a.bin_headers.txt
KNM1019m.bin,KNM1019m.bin_headers.txt
KSK0001a.bin,KSK0001a.bin_headers.txt
KSK0001m.bin,KSK0001m.bin_headers.txt
KSK0002a.bin,KSK0002a.bin_headers.txt
KSK0002m.bin,KSK0002m.bin_headers.txt
KSK0003a.bin,KSK0003a.bin_headers.txt
KSK0003m.bin,KSK0003m.bin_headers.txt
KSK0006a.bin,KSK0006a.bin_headers.txt
KSK0006m.bin,KSK0006m.bin_headers.txt
KSK0013a.bin,KSK0013a.bin_headers.txt
KSK0019a.bin,KSK0019a.bin_headers.txt
KSK0022a.bin,KSK0022a.bin_headers.txt
KSK0022m.bin,KSK0022m.bin_headers.txt
KSK0023a.bin,KSK0023a.bin_headers.txt
KSK0023m.bin,KSK0023m.bin_headers.txt
KSK0024a.bin,KSK0024a.bin_headers.txt
KSK0024m.bin,KSK0024m.bin_headers.txt
KSK0025a.bin,KSK0025a.bin_headers.txt
KSK0025m.bin,KSK0025m.bin_headers.txt
KSK0026a.bin,KSK0026a.bin_headers.txt
KSK0026d.bin,KSK0026d.bin_headers.txt
KSK0026m.bin,KSK0026m.bin_headers.txt
KSK0028a.bin,KSK0028a.bin_headers.txt
KSK0028m.bin,KSK0028m.bin_headers.txt
KSK0029a.bin,KSK0029a.bin_headers.txt
KSK0029m.bin,KSK0029m.bin_headers.txt
KSK0030a.bin,KSK0030a.bin_headers.txt
KSK0030m.bin,KSK0030m.bin_headers.txt
KSK0031a.bin,KSK0031a.bin_headers.txt
KSK0031m.bin,KSK0031m.bin_headers.txt
KSK0032a.bin,KSK0032a.bin_headers.txt
KSK0032d.bin,KSK0032d.bin_headers.txt
KSK0032m.bin,KSK0032m.bin_headers.txt
KSK0033a.bin,KSK0033a.bin_headers.txt
KSK0033m.bin,KSK0033m.bin_headers.txt
KSK0034a.bin,KSK0034a.bin_headers.txt
KSK0034d.bin,KSK0034d.bin_headers.txt
KSK0034m.bin,KSK0034m.bin_headers.txt
KSK0035a.bin,KSK0035a.bin_headers.txt
KSK0035m.bin,KSK0035m.bin_headers.txt
KSK0036a.bin,KSK0036a.bin_headers.txt
KSK0036m.bin,KSK0036m.bin_headers.txt
KSK0037a.bin,KSK0037a.bin_headers.txt
KSK0037m.bin,KSK0037m.bin_headers.txt
KSK0038a.bin,KSK0038a.bin_headers.txt
KSK0039a.bin,KSK0039a.bin_headers.txt
KSK0039m.bin,KSK0039m.bin_headers.txt
KSK0040a.bin,KSK0040a.bin_headers.txt
KSK0041a.bin,KSK0041a.bin_headers.txt
KSK0041m.bin,KSK0041m.bin_headers.txt
KSK0042a.bin,KSK0042a.bin_headers.txt
KSK0042m.bin,KSK0042m.bin_headers.txt
KSK0043a.bin,KSK0043a.bin_headers.txt
KSK0043m.bin,KSK0043m.bin_headers.txt
KSK0044a.bin,KSK0044a.bin_headers.txt
KSK0045a.bin,KSK0045a.bin_headers.txt
KSK0045m.bin,KSK0045m.bin_headers.txt
KSK1001a.bin,KSK1001a.bin_headers.txt
KSK1001m.bin,KSK1001m.bin_headers.txt
KSK1002a.bin,KSK1002a.bin_headers.txt
KSK1002m.bin,KSK1002m.bin_headers.txt
KSK1003a.bin,KSK1003a.bin_headers.txt
KSK1004a.bin,KSK1004a.bin_headers.txt
KSK1005a.bin,KSK1005a.bin_headers.txt
KSK1006a.bin,KSK1006a.bin_headers.txt
KSK1006m.bin,KSK1006m.bin_headers.txt
KSK1007a.bin,KSK1007a.bin_headers.txt
KSK1008a.bin,KSK1008a.bin_headers.txt
KSK1008m.bin,KSK1008m.bin_headers.txt
KSK1009a.bin,KSK1009a.bin_headers.txt
KSK1009m.bin,KSK1009m.bin_headers.txt
KSK1010a.bin,KSK1010a.bin_headers.txt
KSK1011a.bin,KSK1011a.bin_headers.txt
KSK1012a.bin,KSK1012a.bin_headers.txt
KSK1013a.bin,KSK1013a.bin_headers.txt
KUR0001a.bin,KUR0001a.bin_headers.txt
KUR0001m.bin,KUR0001m.bin_headers.txt
KUR0002a.bin,KUR0002a.bin_headers.txt
KUR0002m.bin,KUR0002m.bin_headers.txt
KUR0003a.bin,KUR0003a.bin_headers.txt
KUR0003m.bin,KUR0003m.bin_headers.txt
KUR0006a.bin,KUR0006a.bin_headers.txt
KUR0008a.bin,KUR0008a.bin_headers.txt
KUR0010a.bin,KUR0010a.bin_headers.txt
KUR0012a.bin,KUR0012a.bin_headers.txt
KUR0013a.bin,KUR0013a.bin_headers.txt
KUR0014a.bin,KUR0014a.bin_headers.txt
KUR0017a.bin,KUR0017a.bin_headers.txt
KUR0018a.bin,KUR0018a.bin_headers.txt
KUR0018d.bin,KUR0018d.bin_headers.txt
KUR0018m.bin,KUR0018m.bin_headers.txt
KUR0019a.bin,KUR0019a.bin_headers.txt
KUR0019m.bin,KUR0019m.bin_headers.txt
KUR0020a.bin,KUR0020a.bin_headers.txt
KUR0020m.bin,KUR0020m.bin_headers.txt
KUR0021a.bin,KUR0021a.bin_headers.txt
KUR0021m.bin,KUR0021m.bin_headers.txt
MCN0001a.bin,MCN0001a.bin_headers.txt
MCN0001m.bin,MCN0001m.bin_headers.txt
MCN0002a.bin,MCN0002a.bin_headers.txt
MCN0002m.bin,MCN0002m.bin_headers.txt
MCN0003a.bin,MCN0003a.bin_headers.txt
MCN0004a.bin,MCN0004a.bin_headers.txt
MCN0005a.bin,MCN0005a.bin_headers.txt
MCN0005m.bin,MCN0005m.bin_headers.txt
MCN0006a.bin,MCN0006a.bin_headers.txt
MCN0006m.bin,MCN0006m.bin_headers.txt
MCN0007a.bin,MCN0007a.bin_headers.txt
MCN0009a.bin,MCN0009a.bin_headers.txt
MCN0009m.bin,MCN0009m.bin_headers.txt
MCN1001a.bin,MCN1001a.bin_headers.txt
MCN1001m.bin,MCN1001m.bin_headers.txt
MEW0001a.bin,MEW0001a.bin_headers.txt
MEW0001m.bin,MEW0001m.bin_headers.txt
MIC0001a.bin,MIC0001a.bin_headers.txt
MIC0001d.bin,MIC0001d.bin_headers.txt
MIC0001m.bin,MIC0001m.bin_headers.txt
MIC0002a.bin,MIC0002a.bin_headers.txt
MIC0002m.bin,MIC0002m.bin_headers.txt
MIC0003a.bin,MIC0003a.bin_headers.txt
MIC0003m.bin,MIC0003m.bin_headers.txt
MIC0004a.bin,MIC0004a.bin_headers.txt
MIC0004m.bin,MIC0004m.bin_headers.txt
MIC0005a.bin,MIC0005a.bin_headers.txt
MIC0005m.bin,MIC0005m.bin_headers.txt
MIC0006a.bin,MIC0006a.bin_headers.txt
MIC0006d.bin,MIC0006d.bin_headers.txt
MIC0006m.bin,MIC0006m.bin_headers.txt
MIC0007a.bin,MIC0007a.bin_headers.txt
MIC0007m.bin,MIC0007m.bin_headers.txt
MIC0008a.bin,MIC0008a.bin_headers.txt
MIC0008m.bin,MIC0008m.bin_headers.txt
MIC0009a.bin,MIC0009a.bin_headers.txt
MIC0009m.bin,MIC0009m.bin_headers.txt
MIC0012a.bin,MIC0012a.bin_headers.txt
MIC0014a.bin,MIC0014a.bin_headers.txt
MIC0014d.bin,MIC0014d.bin_headers.txt
MIC0015a.bin,MIC0015a.bin_headers.txt
MIC0017a.bin,MIC0017a.bin_headers.txt
MIC0019a.bin,MIC0019a.bin_headers.txt
MIC0022a.bin,MIC0022a.bin_headers.txt
MIC0023a.bin,MIC0023a.bin_headers.txt
MIC0024a.bin,MIC0024a.bin_headers.txt
MIC0024m.bin,MIC0024m.bin_headers.txt
MIC0025a.bin,MIC0025a.bin_headers.txt
MIC0025m.bin,MIC0025m.bin_headers.txt
MIC0026a.bin,MIC0026a.bin_headers.txt
MIC0026m.bin,MIC0026m.bin_headers.txt
MIC0027a.bin,MIC0027a.bin_headers.txt
MIC0028a.bin,MIC0028a.bin_headers.txt
MIC0028m.bin,MIC0028m.bin_headers.txt
MIC0030a.bin,MIC0030a.bin_headers.txt
MIC0030m.bin,MIC0030m.bin_headers.txt
MIC0031a.bin,MIC0031a.bin_headers.txt
MIC0031m.bin,MIC0031m.bin_headers.txt
MIC0032a.bin,MIC0032a.bin_headers.txt
MIC0032m.bin,MIC0032m.bin_headers.txt
MIC0033a.bin,MIC0033a.bin_headers.txt
MIC0033m.bin,MIC0033m.bin_headers.txt
MIC0034a.bin,MIC0034a.bin_headers.txt
MIC0034m.bin,MIC0034m.bin_headers.txt
MIC0035a.bin,MIC0035a.bin_headers.txt
MIC0035m.bin,MIC0035m.bin_headers.txt
MIC0036a.bin,MIC0036a.bin_headers.txt
MIC0036m.bin,MIC0036m.bin_headers.txt
MIC0037a.bin,MIC0037a.bin_headers.txt
MIC0037m.bin,MIC0037m.bin_headers.txt
MIC0038a.bin,MIC0038a.bin_headers.txt
MIC0038m.bin,MIC0038m.bin_headers.txt
MIC0039a.bin,MIC0039a.bin_headers.txt
MIC0039m.bin,MIC0039m.bin_headers.txt
MIC0040a.bin,MIC0040a.bin_headers.txt
MIC0040m.bin,MIC0040m.bin_headers.txt
MIC0041a.bin,MIC0041a.bin_headers.txt
MIC0041d.bin,MIC0041d.bin_headers.txt
MIC0041m.bin,MIC0041m.bin_headers.txt
MIC0042a.bin,MIC0042a.bin_headers.txt
MIC0042m.bin,MIC0042m.bin_headers.txt
MIC0043a.bin,MIC0043a.bin_headers.txt
MIC0043m.bin,MIC0043m.bin_headers.txt
MIC0044a.bin,MIC0044a.bin_headers.txt
MIC0044m.bin,MIC0044m.bin_headers.txt
MIC0045a.bin,MIC0045a.bin_headers.txt
MIC0046a.bin,MIC0046a.bin_headers.txt
MIC0046m.bin,MIC0046m.bin_headers.txt
MIC0047a.bin,MIC0047a.bin_headers.txt
MIC0048a.bin,MIC0048a.bin_headers.txt
MIC1001a.bin,MIC1001a.bin_headers.txt
MIC1001m.bin,MIC1001m.bin_headers.txt
MIC1002a.bin,MIC1002a.bin_headers.txt
MIC1003a.bin,MIC1003a.bin_headers.txt
MIC1003m.bin,MIC1003m.bin_headers.txt
MIC1004a.bin,MIC1004a.bin_headers.txt
MIC1005a.bin,MIC1005a.bin_headers.txt
MIC1006a.bin,MIC1006a.bin_headers.txt
MIC1007a.bin,MIC1007a.bin_headers.txt
MIC1008a.bin,MIC1008a.bin_headers.txt
MIC1010a.bin,MIC1010a.bin_headers.txt
MIC1010m.bin,MIC1010m.bin_headers.txt
MIC1011a.bin,MIC1011a.bin_headers.txt
MIC1011m.bin,MIC1011m.bin_headers.txt
MIC1012a.bin,MIC1012a.bin_headers.txt
MIC1012m.bin,MIC1012m.bin_headers.txt
MIL0001a.bin,MIL0001a.bin_headers.txt
MIL0001m.bin,MIL0001m.bin_headers.txt
MIL0002a.bin,MIL0002a.bin_headers.txt
MIL0002m.bin,MIL0002m.bin_headers.txt
MIL0003a.bin,MIL0003a.bin_headers.txt
MIL0003m.bin,MIL0003m.bin_headers.txt
MIL0004a.bin,MIL0004a.bin_headers.txt
MIL0004m.bin,MIL0004m.bin_headers.txt
MIL0005a.bin,MIL0005a.bin_headers.txt
MIL0005m.bin,MIL0005m.bin_headers.txt
MIL0006a.bin,MIL0006a.bin_headers.txt
MIL0006m.bin,MIL0006m.bin_headers.txt
MIL0007a.bin,MIL0007a.bin_headers.txt
MIL0007m.bin,MIL0007m.bin_headers.txt
MIL0008a.bin,MIL0008a.bin_headers.txt
MIL0008m.bin,MIL0008m.bin_headers.txt
MIL0009a.bin,MIL0009a.bin_headers.txt
MIL0009m.bin,MIL0009m.bin_headers.txt
MIL0010a.bin,MIL0010a.bin_headers.txt
MIL0010m.bin,MIL0010m.bin_headers.txt
MIL0011a.bin,MIL0011a.bin_headers.txt
MIL0012a.bin,MIL0012a.bin_headers.txt
MIL0012m.bin,MIL0012m.bin_headers.txt
MIL0013a.bin,MIL0013a.bin_headers.txt
MIL0013m.bin,MIL0013m.bin_headers.txt
MIL0014a.bin,MIL0014a.bin_headers.txt
MIL0014m.bin,MIL0014m.bin_headers.txt
NCS0001a.bin,NCS0001a.bin_headers.txt
NCS0001m.bin,NCS0001m.bin_headers.txt
NCS0002a.bin,NCS0002a.bin_headers.txt
NCS0003a.bin,NCS0003a.bin_headers.txt
NCS0003m.bin,NCS0003m.bin_headers.txt
NCS0004a.bin,NCS0004a.bin_headers.txt
NCS0005a.bin,NCS0005a.bin_headers.txt
NCS0006a.bin,NCS0006a.bin_headers.txt
NCS0006d.bin,NCS0006d.bin_headers.txt
NCS0007a.bin,NCS0007a.bin_headers.txt
NCS0007d.bin,NCS0007d.bin_headers.txt
NCS0007m.bin,NCS0007m.bin_headers.txt
NCS0008a.bin,NCS0008a.bin_headers.txt
NCS0008m.bin,NCS0008m.bin_headers.txt
NCS0009a.bin,NCS0009a.bin_headers.txt
NCS0009d.bin,NCS0009d.bin_headers.txt
NCS0010a.bin,NCS0010a.bin_headers.txt
NCS0011a.bin,NCS0011a.bin_headers.txt
NCS0011m.bin,NCS0011m.bin_headers.txt
NCS0012a.bin,NCS0012a.bin_headers.txt
NCS0013a.bin,NCS0013a.bin_headers.txt
NCS0013m.bin,NCS0013m.bin_headers.txt
NCS0014a.bin,NCS0014a.bin_headers.txt
NCS0015a.bin,NCS0015a.bin_headers.txt
NCS0015m.bin,NCS0015m.bin_headers.txt
NCS0016a.bin,NCS0016a.bin_headers.txt
NCS0017a.bin,NCS0017a.bin_headers.txt
NCS0017m.bin,NCS0017m.bin_headers.txt
NCS0019a.bin,NCS0019a.bin_headers.txt
NCS0019m.bin,NCS0019m.bin_headers.txt
NCS0020a.bin,NCS0020a.bin_headers.txt
NCS0020m.bin,NCS0020m.bin_headers.txt
NCS0021a.bin,NCS0021a.bin_headers.txt
NCS0021m.bin,NCS0021m.bin_headers.txt
NCS0022a.bin,NCS0022a.bin_headers.txt
NCS0022m.bin,NCS0022m.bin_headers.txt
NCS0023a.bin,NCS0023a.bin_headers.txt
NCS0023m.bin,NCS0023m.bin_headers.txt
NCS0024a.bin,NCS0024a.bin_headers.txt
NCS0024m.bin,NCS0024m.bin_headers.txt
NCS0025a.bin,NCS0025a.bin_headers.txt
NCS0025m.bin,NCS0025m.bin_headers.txt
NCS0026a.bin,NCS0026a.bin_headers.txt
NCS0026m.bin,NCS0026m.bin_headers.txt
NCS0027a.bin,NCS0027a.bin_headers.txt
NCS0027m.bin,NCS0027m.bin_headers.txt
NCS0028a.bin,NCS0028a.bin_headers.txt
NCS0028m.bin,NCS0028m.bin_headers.txt
NCS0029a.bin,NCS0029a.bin_headers.txt
NCS0030a.bin,NCS0030a.bin_headers.txt
NCS0030m.bin,NCS0030m.bin_headers.txt
NCS0031a.bin,NCS0031a.bin_headers.txt
NCS0032a.bin,NCS0032a.bin_headers.txt
NCS0032m.bin,NCS0032m.bin_headers.txt
NCS0033a.bin,NCS0033a.bin_headers.txt
NCS0033m.bin,NCS0033m.bin_headers.txt
NCS0034a.bin,NCS0034a.bin_headers.txt
NCS0034m.bin,NCS0034m.bin_headers.txt
NCS0035a.bin,NCS0035a.bin_headers.txt
NCS0035m.bin,NCS0035m.bin_headers.txt
NCS0036a.bin,NCS0036a.bin_headers.txt
NCS0036m.bin,NCS0036m.bin_headers.txt
NCS0037a.bin,NCS0037a.bin_headers.txt
NCS0037m.bin,NCS0037m.bin_headers.txt
NCS0038a.bin,NCS0038a.bin_headers.txt
NCS0038m.bin,NCS0038m.bin_headers.txt
NCS0039a.bin,NCS0039a.bin_headers.txt
NCS0039m.bin,NCS0039m.bin_headers.txt
NCS0040a.bin,NCS0040a.bin_headers.txt
NCS0041a.bin,NCS0041a.bin_headers.txt
NCS0041m.bin,NCS0041m.bin_headers.txt
NCS0042a.bin,NCS0042a.bin_headers.txt
NCS0042m.bin,NCS0042m.bin_headers.txt
NCS0043a.bin,NCS0043a.bin_headers.txt
NCS0043m.bin,NCS0043m.bin_headers.txt
NCS0044a.bin,NCS0044a.bin_headers.txt
NCS0044m.bin,NCS0044m.bin_headers.txt
NCS1001a.bin,NCS1001a.bin_headers.txt
NCS1002a.bin,NCS1002a.bin_headers.txt
NIC0001a.bin,NIC0001a.bin_headers.txt
NIC0001m.bin,NIC0001m.bin_headers.txt
NIC0003a.bin,NIC0003a.bin_headers.txt
NIC0003m.bin,NIC0003m.bin_headers.txt
NTB0001a.bin,NTB0001a.bin_headers.txt
NTB0001m.bin,NTB0001m.bin_headers.txt
NTB0002a.bin,NTB0002a.bin_headers.txt
NTB0002m.bin,NTB0002m.bin_headers.txt
NTB0003a.bin,NTB0003a.bin_headers.txt
NTB0003m.bin,NTB0003m.bin_headers.txt
NTB0004a.bin,NTB0004a.bin_headers.txt
NTB0004m.bin,NTB0004m.bin_headers.txt
NTB0005a.bin,NTB0005a.bin_headers.txt
NTB0005m.bin,NTB0005m.bin_headers.txt
NTB0006a.bin,NTB0006a.bin_headers.txt
NTB0007a.bin,NTB0007a.bin_headers.txt
NTB0007m.bin,NTB0007m.bin_headers.txt
NTB0008a.bin,NTB0008a.bin_headers.txt
NTB0008m.bin,NTB0008m.bin_headers.txt
NTB0009a.bin,NTB0009a.bin_headers.txt
NTB0009m.bin,NTB0009m.bin_headers.txt
NTB0010a.bin,NTB0010a.bin_headers.txt
ONS0001a.bin,ONS0001a.bin_headers.txt
PANM0001a.bin,PANM0001a.bin_headers.txt
PANM0001m.bin,PANM0001m.bin_headers.txt
PART0001a.bin,PART0001a.bin_headers.txt
PART0001m.bin,PART0001m.bin_headers.txt
PCOM0001a.bin,PCOM0001a.bin_headers.txt
PCOM0001m.bin,PCOM0001m.bin_headers.txt
PCOM0002a.bin,PCOM0002a.bin_headers.txt
PCOM0002m.bin,PCOM0002m.bin_headers.txt
PCOM0003a.bin,PCOM0003a.bin_headers.txt
PCOM0003m.bin,PCOM0003m.bin_headers.txt
PCOM0004a.bin,PCOM0004a.bin_headers.txt
PCOM0004m.bin,PCOM0004m.bin_headers.txt
PCOM0006a.bin,PCOM0006a.bin_headers.txt
PCOM0006m.bin,PCOM0006m.bin_headers.txt
PCOM0008a.bin,PCOM0008a.bin_headers.txt
PCOM0008m.bin,PCOM0008m.bin_headers.txt
PCOM0009a.bin,PCOM0009a.bin_headers.txt
PCOM0011a.bin,PCOM0011a.bin_headers.txt
PCOM0012a.bin,PCOM0012a.bin_headers.txt
PCOM0013a.bin,PCOM0013a.bin_headers.txt
PCOM0014a.bin,PCOM0014a.bin_headers.txt
PCOM0015a.bin,PCOM0015a.bin_headers.txt
PCOM0016a.bin,PCOM0016a.bin_headers.txt
PCOM0017a.bin,PCOM0017a.bin_headers.txt
PCOM0018a.bin,PCOM0018a.bin_headers.txt
PCOM0019a.bin,PCOM0019a.bin_headers.txt
PCOM0020a.bin,PCOM0020a.bin_headers.txt
PCOM0020m.bin,PCOM0020m.bin_headers.txt
PCOM0021a.bin,PCOM0021a.bin_headers.txt
PCOM0021m.bin,PCOM0021m.bin_headers.txt
PDBS0001a.bin,PDBS0001a.bin_headers.txt
PFAL0001a.bin,PFAL0001a.bin_headers.txt
PFAL0001m.bin,PFAL0001m.bin_headers.txt
PFAL0002a.bin,PFAL0002a.bin_headers.txt
PFAL0003a.bin,PFAL0003a.bin_headers.txt
PFAL0004a.bin,PFAL0004a.bin_headers.txt
PFAL0005a.bin,PFAL0005a.bin_headers.txt
PFUG0001a.bin,PFUG0001a.bin_headers.txt
PGAR0001a.bin,PGAR0001a.bin_headers.txt
PGNX0001a.bin,PGNX0001a.bin_headers.txt
PGNX0001m.bin,PGNX0001m.bin_headers.txt
PGNX0002a.bin,PGNX0002a.bin_headers.txt
PGNX0002m.bin,PGNX0002m.bin_headers.txt
PGNX0003a.bin,PGNX0003a.bin_headers.txt
PGNX0003m.bin,PGNX0003m.bin_headers.txt
PGNX0004a.bin,PGNX0004a.bin_headers.txt
PGNX0004m.bin,PGNX0004m.bin_headers.txt
PHA0001a.bin,PHA0001a.bin_headers.txt
PHA0003a.bin,PHA0003a.bin_headers.txt
PHA0004a.bin,PHA0004a.bin_headers.txt
PHA0005a.bin,PHA0005a.bin_headers.txt
PHA0005m.bin,PHA0005m.bin_headers.txt
PHA0006a.bin,PHA0006a.bin_headers.txt
PHA0006m.bin,PHA0006m.bin_headers.txt
PHA0007a.bin,PHA0007a.bin_headers.txt
PHA0007m.bin,PHA0007m.bin_headers.txt
PHA1001a.bin,PHA1001a.bin_headers.txt
PHA1002a.bin,PHA1002a.bin_headers.txt
PHAM0002a.bin,PHAM0002a.bin_headers.txt
PHAM0002m.bin,PHAM0002m.bin_headers.txt
PHAM0003a.bin,PHAM0003a.bin_headers.txt
PHAM0003m.bin,PHAM0003m.bin_headers.txt
PHAM0004a.bin,PHAM0004a.bin_headers.txt
PHAM0004m.bin,PHAM0004m.bin_headers.txt
PHAM0005a.bin,PHAM0005a.bin_headers.txt
PHAM0005m.bin,PHAM0005m.bin_headers.txt
PHAM0006a.bin,PHAM0006a.bin_headers.txt
PIRI0001a.bin,PIRI0001a.bin_headers.txt
PIRI0001m.bin,PIRI0001m.bin_headers.txt
PKSK0001a.bin,PKSK0001a.bin_headers.txt
PKSK0001m.bin,PKSK0001m.bin_headers.txt
PMCV0001a.bin,PMCV0001a.bin_headers.txt
PMCV0001m.bin,PMCV0001m.bin_headers.txt
PMIC0001a.bin,PMIC0001a.bin_headers.txt
PMIC0001m.bin,PMIC0001m.bin_headers.txt
PON0001a.bin,PON0001a.bin_headers.txt
PON0001m.bin,PON0001m.bin_headers.txt
POP0001a.bin,POP0001a.bin_headers.txt
POP0001m.bin,POP0001m.bin_headers.txt
POP0003a.bin,POP0003a.bin_headers.txt
POP0003m.bin,POP0003m.bin_headers.txt
POP0004a.bin,POP0004a.bin_headers.txt
POP0004m.bin,POP0004m.bin_headers.txt
POP0005a.bin,POP0005a.bin_headers.txt
POP0005d.bin,POP0005d.bin_headers.txt
POP0005m.bin,POP0005m.bin_headers.txt
PPD0001a.bin,PPD0001a.bin_headers.txt
PPD0002a.bin,PPD0002a.bin_headers.txt
PPD0003a.bin,PPD0003a.bin_headers.txt
PPD0004a.bin,PPD0004a.bin_headers.txt
PPD0004m.bin,PPD0004m.bin_headers.txt
PPD0005a.bin,PPD0005a.bin_headers.txt
PPD0006a.bin,PPD0006a.bin_headers.txt
PPD0006m.bin,PPD0006m.bin_headers.txt
PPD0007a.bin,PPD0007a.bin_headers.txt
PPD0008a.bin,PPD0008a.bin_headers.txt
PPD0009a.bin,PPD0009a.bin_headers.txt
PSAC0001a.bin,PSAC0001a.bin_headers.txt
PSAC0001m.bin,PSAC0001m.bin_headers.txt
PSK0001a.bin,PSK0001a.bin_headers.txt
PSK0001m.bin,PSK0001m.bin_headers.txt
PSYS0001a.bin,PSYS0001a.bin_headers.txt
PSYS0002a.bin,PSYS0002a.bin_headers.txt
PSYS0002m.bin,PSYS0002m.bin_headers.txt
PSYS0003a.bin,PSYS0003a.bin_headers.txt
PSYS0003m.bin,PSYS0003m.bin_headers.txt
PSYS0004a.bin,PSYS0004a.bin_headers.txt
PSYS0004m.bin,PSYS0004m.bin_headers.txt
PSYS0005a.bin,PSYS0005a.bin_headers.txt
PSYS0005m.bin,PSYS0005m.bin_headers.txt
PSYS0006a.bin,PSYS0006a.bin_headers.txt
PSYS0006m.bin,PSYS0006m.bin_headers.txt
PTAE0001a.bin,PTAE0001a.bin_headers.txt
PTAE0001m.bin,PTAE0001m.bin_headers.txt
PTAE0002a.bin,PTAE0002a.bin_headers.txt
PTAE0002m.bin,PTAE0002m.bin_headers.txt
PTAE0003a.bin,PTAE0003a.bin_headers.txt
PTAE0004a.bin,PTAE0004a.bin_headers.txt
PTAE0004m.bin,PTAE0004m.bin_headers.txt
PTAE0005a.bin,PTAE0005a.bin_headers.txt
PTAE0005m.bin,PTAE0005m.bin_headers.txt
PTAE0006a.bin,PTAE0006a.bin_headers.txt
PTAE0007a.bin,PTAE0007a.bin_headers.txt
PTAE0007m.bin,PTAE0007m.bin_headers.txt
PTAE0008a.bin,PTAE0008a.bin_headers.txt
PTAE0008m.bin,PTAE0008m.bin_headers.txt
PTEL0001a.bin,PTEL0001a.bin_headers.txt
PTEL0002a.bin,PTEL0002a.bin_headers.txt
PTEL0003a.bin,PTEL0003a.bin_headers.txt
PTEL0003m.bin,PTEL0003m.bin_headers.txt
PTEL0004a.bin,PTEL0004a.bin_headers.txt
PTEL0004m.bin,PTEL0004m.bin_headers.txt
PTEL0005a.bin,PTEL0005a.bin_headers.txt
PTEL0005m.bin,PTEL0005m.bin_headers.txt
PTEN0001a.bin,PTEN0001a.bin_headers.txt
PTEN0001m.bin,PTEN0001m.bin_headers.txt
PTEN0002a.bin,PTEN0002a.bin_headers.txt
PTEN0002m.bin,PTEN0002m.bin_headers.txt
PTIT0001a.bin,PTIT0001a.bin_headers.txt
PTIT0002a.bin,PTIT0002a.bin_headers.txt
PTIT0003a.bin,PTIT0003a.bin_headers.txt
PTIT0004a.bin,PTIT0004a.bin_headers.txt
PTIT0005a.bin,PTIT0005a.bin_headers.txt
QSR0001a.bin,QSR0001a.bin_headers.txt
QSR0001m.bin,QSR0001m.bin_headers.txt
QSR0002a.bin,QSR0002a.bin_headers.txt
QSR0002m.bin,QSR0002m.bin_headers.txt
RDM0001a.bin,RDM0001a.bin_headers.txt
RDM0001m.bin,RDM0001m.bin_headers.txt
RDM0002a.bin,RDM0002a.bin_headers.txt
RDM0002m.bin,RDM0002m.bin_headers.txt
RIV0001a.bin,RIV0001a.bin_headers.txt
RIV0001m.bin,RIV0001m.bin_headers.txt
RIV0002a.bin,RIV0002a.bin_headers.txt
RIV0002m.bin,RIV0002m.bin_headers.txt
RIV0003a.bin,RIV0003a.bin_headers.txt
RIV0003m.bin,RIV0003m.bin_headers.txt
RIV0004a.bin,RIV0004a.bin_headers.txt
RIV0005a.bin,RIV0005a.bin_headers.txt
RIV0006a.bin,RIV0006a.bin_headers.txt
RIV0008a.bin,RIV0008a.bin_headers.txt
RIV0010a.bin,RIV0010a.bin_headers.txt
RIV0011a.bin,RIV0011a.bin_headers.txt
RIV0012a.bin,RIV0012a.bin_headers.txt
RIV0013a.bin,RIV0013a.bin_headers.txt
RIV0013m.bin,RIV0013m.bin_headers.txt
RIV0014a.bin,RIV0014a.bin_headers.txt
RIV0015a.bin,RIV0015a.bin_headers.txt
RIV0016a.bin,RIV0016a.bin_headers.txt
RIV0017a.bin,RIV0017a.bin_headers.txt
RIV0018a.bin,RIV0018a.bin_headers.txt
RIV0019a.bin,RIV0019a.bin_headers.txt
RIV0020a.bin,RIV0020a.bin_headers.txt
RIV0021a.bin,RIV0021a.bin_headers.txt
RIV0022a.bin,RIV0022a.bin_headers.txt
RIV0023a.bin,RIV0023a.bin_headers.txt
RIV0024a.bin,RIV0024a.bin_headers.txt
RIV0024m.bin,RIV0024m.bin_headers.txt
RIV0025a.bin,RIV0025a.bin_headers.txt
RIV0025m.bin,RIV0025m.bin_headers.txt
RIV0026a.bin,RIV0026a.bin_headers.txt
RIV0027a.bin,RIV0027a.bin_headers.txt
RIV0027m.bin,RIV0027m.bin_headers.txt
RIV0028a.bin,RIV0028a.bin_headers.txt
RIV0029a.bin,RIV0029a.bin_headers.txt
RIV0030a.bin,RIV0030a.bin_headers.txt
RIV0031a.bin,RIV0031a.bin_headers.txt
RIV0031d.bin,RIV0031d.bin_headers.txt
RIV0032a.bin,RIV0032a.bin_headers.txt
RIV0033a.bin,RIV0033a.bin_headers.txt
RIV0033d.bin,RIV0033d.bin_headers.txt
RIV0033m.bin,RIV0033m.bin_headers.txt
RIV1001a.bin,RIV1001a.bin_headers.txt
RIV1002a.bin,RIV1002a.bin_headers.txt
RIV1004a.bin,RIV1004a.bin_headers.txt
RIV1005a.bin,RIV1005a.bin_headers.txt
RIV1006a.bin,RIV1006a.bin_headers.txt
RIV1007a.bin,RIV1007a.bin_headers.txt
RIV1007m.bin,RIV1007m.bin_headers.txt
ROM0001a.bin,ROM0001a.bin_headers.txt
ROM0002a.bin,ROM0002a.bin_headers.txt
ROM0002m.bin,ROM0002m.bin_headers.txt
RTG0001a.bin,RTG0001a.bin_headers.txt
RTG0002a.bin,RTG0002a.bin_headers.txt
SAC0001a.bin,SAC0001a.bin_headers.txt
SAC0001d.bin,SAC0001d.bin_headers.txt
SAC0001m.bin,SAC0001m.bin_headers.txt
SAC0002a.bin,SAC0002a.bin_headers.txt
SAC0002d.bin,SAC0002d.bin_headers.txt
SAC0002m.bin,SAC0002m.bin_headers.txt
SAC0003a.bin,SAC0003a.bin_headers.txt
SAC0003d.bin,SAC0003d.bin_headers.txt
SAC0003m.bin,SAC0003m.bin_headers.txt
SAC0004a.bin,SAC0004a.bin_headers.txt
SAC0004m.bin,SAC0004m.bin_headers.txt
SAC0005a.bin,SAC0005a.bin_headers.txt
SAC0005m.bin,SAC0005m.bin_headers.txt
SAC0006a.bin,SAC0006a.bin_headers.txt
SAC0006d.bin,SAC0006d.bin_headers.txt
SAC0006m.bin,SAC0006m.bin_headers.txt
SAC0007a.bin,SAC0007a.bin_headers.txt
SAC0007d.bin,SAC0007d.bin_headers.txt
SAC0007m.bin,SAC0007m.bin_headers.txt
SAC0008a.bin,SAC0008a.bin_headers.txt
SAC0009a.bin,SAC0009a.bin_headers.txt
SAC0009d.bin,SAC0009d.bin_headers.txt
SAC0010a.bin,SAC0010a.bin_headers.txt
SAC0011a.bin,SAC0011a.bin_headers.txt
SAC0012a.bin,SAC0012a.bin_headers.txt
SAC0014a.bin,SAC0014a.bin_headers.txt
SAC0015a.bin,SAC0015a.bin_headers.txt
SAC0016a.bin,SAC0016a.bin_headers.txt
SAC0016m.bin,SAC0016m.bin_headers.txt
SAC0017a.bin,SAC0017a.bin_headers.txt
SAC0018a.bin,SAC0018a.bin_headers.txt
SAC0018m.bin,SAC0018m.bin_headers.txt
SAC0019a.bin,SAC0019a.bin_headers.txt
SAC0020a.bin,SAC0020a.bin_headers.txt
SAC0020m.bin,SAC0020m.bin_headers.txt
SAC0021a.bin,SAC0021a.bin_headers.txt
SAC0021m.bin,SAC0021m.bin_headers.txt
SAC0022a.bin,SAC0022a.bin_headers.txt
SAC0022m.bin,SAC0022m.bin_headers.txt
SAC0023a.bin,SAC0023a.bin_headers.txt
SAC0023d.bin,SAC0023d.bin_headers.txt
SAC0023m.bin,SAC0023m.bin_headers.txt
SAC0024a.bin,SAC0024a.bin_headers.txt
SAC0024d.bin,SAC0024d.bin_headers.txt
SAC0024m.bin,SAC0024m.bin_headers.txt
SAC0025a.bin,SAC0025a.bin_headers.txt
SAC0025m.bin,SAC0025m.bin_headers.txt
SAC0026a.bin,SAC0026a.bin_headers.txt
SAC0026m.bin,SAC0026m.bin_headers.txt
SAC0027a.bin,SAC0027a.bin_headers.txt
SAC0027m.bin,SAC0027m.bin_headers.txt
SAC0028a.bin,SAC0028a.bin_headers.txt
SAC0029a.bin,SAC0029a.bin_headers.txt
SAC0029m.bin,SAC0029m.bin_headers.txt
SAC0030a.bin,SAC0030a.bin_headers.txt
SAC0030m.bin,SAC0030m.bin_headers.txt
SAC0031a.bin,SAC0031a.bin_headers.txt
SAC0031m.bin,SAC0031m.bin_headers.txt
SAC0032a.bin,SAC0032a.bin_headers.txt
SAC0032m.bin,SAC0032m.bin_headers.txt
SAC1001a.bin,SAC1001a.bin_headers.txt
SAC1002a.bin,SAC1002a.bin_headers.txt
SAC1002m.bin,SAC1002m.bin_headers.txt
SAC1003a.bin,SAC1003a.bin_headers.txt
SAC1003m.bin,SAC1003m.bin_headers.txt
SCS0001a.bin,SCS0001a.bin_headers.txt
SCS0002a.bin,SCS0002a.bin_headers.txt
SCS0002m.bin,SCS0002m.bin_headers.txt
SKP0001a.bin,SKP0001a.bin_headers.txt
SKP0001m.bin,SKP0001m.bin_headers.txt
SKP0002a.bin,SKP0002a.bin_headers.txt
SKP0002m.bin,SKP0002m.bin_headers.txt
SKP0003a.bin,SKP0003a.bin_headers.txt
SKP0003m.bin,SKP0003m.bin_headers.txt
SKP0004a.bin,SKP0004a.bin_headers.txt
SKP0004m.bin,SKP0004m.bin_headers.txt
SKP0005a.bin,SKP0005a.bin_headers.txt
SKP0005m.bin,SKP0005m.bin_headers.txt
SKP0006a.bin,SKP0006a.bin_headers.txt
SKP0006m.bin,SKP0006m.bin_headers.txt
SKP0007a.bin,SKP0007a.bin_headers.txt
SKP0007m.bin,SKP0007m.bin_headers.txt
SKP0008a.bin,SKP0008a.bin_headers.txt
SKP0008m.bin,SKP0008m.bin_headers.txt
SKP0009a.bin,SKP0009a.bin_headers.txt
SKP0009m.bin,SKP0009m.bin_headers.txt
SKP0010a.bin,SKP0010a.bin_headers.txt
SKP0010m.bin,SKP0010m.bin_headers.txt
SKP0011a.bin,SKP0011a.bin_headers.txt
SKP0012a.bin,SKP0012a.bin_headers.txt
SKP0012m.bin,SKP0012m.bin_headers.txt
SKP0013a.bin,SKP0013a.bin_headers.txt
SKP0013m.bin,SKP0013m.bin_headers.txt
SKP3001a.bin,SKP3001a.bin_headers.txt
SKP3002a.bin,SKP3002a.bin_headers.txt
SKP3003a.bin,SKP3003a.bin_headers.txt
SNT0001a.bin,SNT0001a.bin_headers.txt
SNT0001m.bin,SNT0001m.bin_headers.txt
SNT0002a.bin,SNT0002a.bin_headers.txt
SNT0002m.bin,SNT0002m.bin_headers.txt
SNT0003a.bin,SNT0003a.bin_headers.txt
SNT0003m.bin,SNT0003m.bin_headers.txt
SNT0004a.bin,SNT0004a.bin_headers.txt
SNT0004m.bin,SNT0004m.bin_headers.txt
SNT0005a.bin,SNT0005a.bin_headers.txt
SNT0005m.bin,SNT0005m.bin_headers.txt
SNT0006a.bin,SNT0006a.bin_headers.txt
SNT0006m.bin,SNT0006m.bin_headers.txt
SNT0007a.bin,SNT0007a.bin_headers.txt
SNT0007m.bin,SNT0007m.bin_headers.txt
SNT0008a.bin,SNT0008a.bin_headers.txt
SNT0008m.bin,SNT0008m.bin_headers.txt
SNT0009a.bin,SNT0009a.bin_headers.txt
SNT0009m.bin,SNT0009m.bin_headers.txt
SNT0010a.bin,SNT0010a.bin_headers.txt
SNT0010m.bin,SNT0010m.bin_headers.txt
SNT0012a.bin,SNT0012a.bin_headers.txt
SNT0012m.bin,SNT0012m.bin_headers.txt
SNT0013a.bin,SNT0013a.bin_headers.txt
SNT0013m.bin,SNT0013m.bin_headers.txt
SNT0014a.bin,SNT0014a.bin_headers.txt
SNT0014m.bin,SNT0014m.bin_headers.txt
SNT0015a.bin,SNT0015a.bin_headers.txt
SNT0015m.bin,SNT0015m.bin_headers.txt
SNT0016a.bin,SNT0016a.bin_headers.txt
SNT0016m.bin,SNT0016m.bin_headers.txt
SNT0019a.bin,SNT0019a.bin_headers.txt
SNT0019m.bin,SNT0019m.bin_headers.txt
SNT0020a.bin,SNT0020a.bin_headers.txt
SNT0020m.bin,SNT0020m.bin_headers.txt
SNT0021a.bin,SNT0021a.bin_headers.txt
SNT0021m.bin,SNT0021m.bin_headers.txt
SNT0022a.bin,SNT0022a.bin_headers.txt
SNT0022m.bin,SNT0022m.bin_headers.txt
SNT0023a.bin,SNT0023a.bin_headers.txt
SNT0023m.bin,SNT0023m.bin_headers.txt
SNT0024a.bin,SNT0024a.bin_headers.txt
SNT0025a.bin,SNT0025a.bin_headers.txt
SNT0026a.bin,SNT0026a.bin_headers.txt
SNT0026m.bin,SNT0026m.bin_headers.txt
SNT0027a.bin,SNT0027a.bin_headers.txt
SNT0028a.bin,SNT0028a.bin_headers.txt
SNT0028m.bin,SNT0028m.bin_headers.txt
SNT0029a.bin,SNT0029a.bin_headers.txt
SNT0029m.bin,SNT0029m.bin_headers.txt
SPS0001a.bin,SPS0001a.bin_headers.txt
SPS0001m.bin,SPS0001m.bin_headers.txt
SPS0002a.bin,SPS0002a.bin_headers.txt
SPS0002m.bin,SPS0002m.bin_headers.txt
SPS0003a.bin,SPS0003a.bin_headers.txt
SPS0003m.bin,SPS0003m.bin_headers.txt
SPS0004a.bin,SPS0004a.bin_headers.txt
SPS0004m.bin,SPS0004m.bin_headers.txt
SPS0005a.bin,SPS0005a.bin_headers.txt
SPS0005m.bin,SPS0005m.bin_headers.txt
SQE0001a.bin,SQE0001a.bin_headers.txt
SQE0001d.bin,SQE0001d.bin_headers.txt
SQE0001m.bin,SQE0001m.bin_headers.txt
SQE0002a.bin,SQE0002a.bin_headers.txt
SQE0002m.bin,SQE0002m.bin_headers.txt
SQE0003a.bin,SQE0003a.bin_headers.txt
SQE0003d.bin,SQE0003d.bin_headers.txt
SQE0003m.bin,SQE0003m.bin_headers.txt
SQE0004a.bin,SQE0004a.bin_headers.txt
SQE0004d.bin,SQE0004d.bin_headers.txt
SQE0004m.bin,SQE0004m.bin_headers.txt
SQE0005a.bin,SQE0005a.bin_headers.txt
SQE0005d.bin,SQE0005d.bin_headers.txt
SQE0005m.bin,SQE0005m.bin_headers.txt
SQE0006a.bin,SQE0006a.bin_headers.txt
SQE0006m.bin,SQE0006m.bin_headers.txt
SQE0007a.bin,SQE0007a.bin_headers.txt
SQE0007m.bin,SQE0007m.bin_headers.txt
SQE0008a.bin,SQE0008a.bin_headers.txt
SQE0008m.bin,SQE0008m.bin_headers.txt
SQE0009a.bin,SQE0009a.bin_headers.txt
SQE0009m.bin,SQE0009m.bin_headers.txt
SQE0010a.bin,SQE0010a.bin_headers.txt
SQE0010d.bin,SQE0010d.bin_headers.txt
SQE0010m.bin,SQE0010m.bin_headers.txt
STW0001a.bin,STW0001a.bin_headers.txt
STW0002a.bin,STW0002a.bin_headers.txt
STW0003a.bin,STW0003a.bin_headers.txt
STW0004a.bin,STW0004a.bin_headers.txt
STW0005a.bin,STW0005a.bin_headers.txt
STW0006a.bin,STW0006a.bin_headers.txt
STW0006m.bin,STW0006m.bin_headers.txt
STW1001a.bin,STW1001a.bin_headers.txt
STW1001m.bin,STW1001m.bin_headers.txt
STW1002a.bin,STW1002a.bin_headers.txt
STW1007a.bin,STW1007a.bin_headers.txt
STW1008a.bin,STW1008a.bin_headers.txt
STW1009a.bin,STW1009a.bin_headers.txt
STW1010a.bin,STW1010a.bin_headers.txt
STW1011a.bin,STW1011a.bin_headers.txt
STW1012a.bin,STW1012a.bin_headers.txt
SYS0001a.bin,SYS0001a.bin_headers.txt
SYS0001d.bin,SYS0001d.bin_headers.txt
SYS0001m.bin,SYS0001m.bin_headers.txt
SYS0002a.bin,SYS0002a.bin_headers.txt
SYS0002d.bin,SYS0002d.bin_headers.txt
SYS0002m.bin,SYS0002m.bin_headers.txt
SYS0003a.bin,SYS0003a.bin_headers.txt
SYS0003d.bin,SYS0003d.bin_headers.txt
SYS0005a.bin,SYS0005a.bin_headers.txt
SYS0005d.bin,SYS0005d.bin_headers.txt
SYS0005m.bin,SYS0005m.bin_headers.txt
SYS0006a.bin,SYS0006a.bin_headers.txt
SYS0007a.bin,SYS0007a.bin_headers.txt
SYS0007d.bin,SYS0007d.bin_headers.txt
SYS0008a.bin,SYS0008a.bin_headers.txt
SYS0008d.bin,SYS0008d.bin_headers.txt
SYS0008m.bin,SYS0008m.bin_headers.txt
SYS0009a.bin,SYS0009a.bin_headers.txt
SYS0009m.bin,SYS0009m.bin_headers.txt
SYS0010a.bin,SYS0010a.bin_headers.txt
SYS0012a.bin,SYS0012a.bin_headers.txt
SYS0012m.bin,SYS0012m.bin_headers.txt
SYS0013a.bin,SYS0013a.bin_headers.txt
SYS0013m.bin,SYS0013m.bin_headers.txt
SYS0014a.bin,SYS0014a.bin_headers.txt
SYS0016a.bin,SYS0016a.bin_headers.txt
SYS0019a.bin,SYS0019a.bin_headers.txt
SYS0019m.bin,SYS0019m.bin_headers.txt
SYS0022a.bin,SYS0022a.bin_headers.txt
SYS0024a.bin,SYS0024a.bin_headers.txt
SYS0025a.bin,SYS0025a.bin_headers.txt
SYS0025d.bin,SYS0025d.bin_headers.txt
SYS0025m.bin,SYS0025m.bin_headers.txt
SYS0026a.bin,SYS0026a.bin_headers.txt
SYS0026m.bin,SYS0026m.bin_headers.txt
SYS0028a.bin,SYS0028a.bin_headers.txt
SYS0028m.bin,SYS0028m.bin_headers.txt
SYS0029a.bin,SYS0029a.bin_headers.txt
SYS0029m.bin,SYS0029m.bin_headers.txt
SYS0030a.bin,SYS0030a.bin_headers.txt
SYS0031a.bin,SYS0031a.bin_headers.txt
SYS0031m.bin,SYS0031m.bin_headers.txt
SYS0032a.bin,SYS0032a.bin_headers.txt
SYS0032m.bin,SYS0032m.bin_headers.txt
SYS0033a.bin,SYS0033a.bin_headers.txt
SYS0033m.bin,SYS0033m.bin_headers.txt
SYS0034a.bin,SYS0034a.bin_headers.txt
SYS0034m.bin,SYS0034m.bin_headers.txt
SYS0035a.bin,SYS0035a.bin_headers.txt
SYS0035m.bin,SYS0035m.bin_headers.txt
SYS0036a.bin,SYS0036a.bin_headers.txt
SYS0036m.bin,SYS0036m.bin_headers.txt
SYS0037a.bin,SYS0037a.bin_headers.txt
SYS0037m.bin,SYS0037m.bin_headers.txt
SYS0038a.bin,SYS0038a.bin_headers.txt
SYS0038m.bin,SYS0038m.bin_headers.txt
SYS0040a.bin,SYS0040a.bin_headers.txt
SYS0040m.bin,SYS0040m.bin_headers.txt
SYS0041a.bin,SYS0041a.bin_headers.txt
SYS0041d.bin,SYS0041d.bin_headers.txt
SYS0041m.bin,SYS0041m.bin_headers.txt
SYS0042a.bin,SYS0042a.bin_headers.txt
SYS0042m.bin,SYS0042m.bin_headers.txt
SYS0043a.bin,SYS0043a.bin_headers.txt
SYS0043m.bin,SYS0043m.bin_headers.txt
SYS0044a.bin,SYS0044a.bin_headers.txt
SYS0044m.bin,SYS0044m.bin_headers.txt
SYS0045a.bin,SYS0045a.bin_headers.txt
SYS0045m.bin,SYS0045m.bin_headers.txt
SYS0046a.bin,SYS0046a.bin_headers.txt
SYS0046m.bin,SYS0046m.bin_headers.txt
SYS0047a.bin,SYS0047a.bin_headers.txt
SYS0047m.bin,SYS0047m.bin_headers.txt
SYS0048a.bin,SYS0048a.bin_headers.txt
SYS0048m.bin,SYS0048m.bin_headers.txt
SYS0049a.bin,SYS0049a.bin_headers.txt
SYS0049m.bin,SYS0049m.bin_headers.txt
SYS0050a.bin,SYS0050a.bin_headers.txt
SYS0050d.bin,SYS0050d.bin_headers.txt
SYS0050m.bin,SYS0050m.bin_headers.txt
SYS0051a.bin,SYS0051a.bin_headers.txt
SYS0051m.bin,SYS0051m.bin_headers.txt
SYS0052a.bin,SYS0052a.bin_headers.txt
SYS0052m.bin,SYS0052m.bin_headers.txt
SYS0053a.bin,SYS0053a.bin_headers.txt
SYS0053m.bin,SYS0053m.bin_headers.txt
SYS0054a.bin,SYS0054a.bin_headers.txt
SYS0054m.bin,SYS0054m.bin_headers.txt
SYS0055a.bin,SYS0055a.bin_headers.txt
SYS0055m.bin,SYS0055m.bin_headers.txt
SYS0056a.bin,SYS0056a.bin_headers.txt
SYS0056m.bin,SYS0056m.bin_headers.txt
SYS0057a.bin,SYS0057a.bin_headers.txt
SYS0058a.bin,SYS0058a.bin_headers.txt
SYS0058m.bin,SYS0058m.bin_headers.txt
SYS0059a.bin,SYS0059a.bin_headers.txt
SYS0059m.bin,SYS0059m.bin_headers.txt
SYS1001a.bin,SYS1001a.bin_headers.txt
SYS1002a.bin,SYS1002a.bin_headers.txt
SYS1003a.bin,SYS1003a.bin_headers.txt
SYS1003m.bin,SYS1003m.bin_headers.txt
SYS1004a.bin,SYS1004a.bin_headers.txt
SYS1005a.bin,SYS1005a.bin_headers.txt
SYS1005m.bin,SYS1005m.bin_headers.txt
SYS1006a.bin,SYS1006a.bin_headers.txt
SYS1007a.bin,SYS1007a.bin_headers.txt
SYS1007m.bin,SYS1007m.bin_headers.txt
TAE0001a.bin,TAE0001a.bin_headers.txt
TAE0001m.bin,TAE0001m.bin_headers.txt
TAE0002a.bin,TAE0002a.bin_headers.txt
TAE0003a.bin,TAE0003a.bin_headers.txt
TAE0003m.bin,TAE0003m.bin_headers.txt
TAE0004a.bin,TAE0004a.bin_headers.txt
TAE0005a.bin,TAE0005a.bin_headers.txt
TAE0006a.bin,TAE0006a.bin_headers.txt
TAE0006m.bin,TAE0006m.bin_headers.txt
TAE0007a.bin,TAE0007a.bin_headers.txt
TAE0007m.bin,TAE0007m.bin_headers.txt
TAE0008a.bin,TAE0008a.bin_headers.txt
TAE0009a.bin,TAE0009a.bin_headers.txt
TAE0009m.bin,TAE0009m.bin_headers.txt
TAE0010a.bin,TAE0010a.bin_headers.txt
TAE0011a.bin,TAE0011a.bin_headers.txt
TAE0011m.bin,TAE0011m.bin_headers.txt
TAE0012a.bin,TAE0012a.bin_headers.txt
TAE0013a.bin,TAE0013a.bin_headers.txt
TAE0014a.bin,TAE0014a.bin_headers.txt
TAE0014m.bin,TAE0014m.bin_headers.txt
TAE0016a.bin,TAE0016a.bin_headers.txt
TAE0017a.bin,TAE0017a.bin_headers.txt
TAE0018a.bin,TAE0018a.bin_headers.txt
TAE0019a.bin,TAE0019a.bin_headers.txt
TAE0019m.bin,TAE0019m.bin_headers.txt
TAE0020a.bin,TAE0020a.bin_headers.txt
TAE0021a.bin,TAE0021a.bin_headers.txt
TAE0022a.bin,TAE0022a.bin_headers.txt
TAE0023a.bin,TAE0023a.bin_headers.txt
TAE0024a.bin,TAE0024a.bin_headers.txt
TAE0024m.bin,TAE0024m.bin_headers.txt
TAE0025a.bin,TAE0025a.bin_headers.txt
TAE0025m.bin,TAE0025m.bin_headers.txt
TAE0026a.bin,TAE0026a.bin_headers.txt
TAE0026d.bin,TAE0026d.bin_headers.txt
TAE0026m.bin,TAE0026m.bin_headers.txt
TAE0029a.bin,TAE0029a.bin_headers.txt
TAE0029m.bin,TAE0029m.bin_headers.txt
TAE0030a.bin,TAE0030a.bin_headers.txt
TAE0030d.bin,TAE0030d.bin_headers.txt
TAE0030m.bin,TAE0030m.bin_headers.txt
TAE0031a.bin,TAE0031a.bin_headers.txt
TAE0031m.bin,TAE0031m.bin_headers.txt
TAE0032a.bin,TAE0032a.bin_headers.txt
TAE0032m.bin,TAE0032m.bin_headers.txt
TAE0033a.bin,TAE0033a.bin_headers.txt
TAE0033m.bin,TAE0033m.bin_headers.txt
TAE0034a.bin,TAE0034a.bin_headers.txt
TAE0034m.bin,TAE0034m.bin_headers.txt
TAE0035a.bin,TAE0035a.bin_headers.txt
TAE0035m.bin,TAE0035m.bin_headers.txt
TAE0036a.bin,TAE0036a.bin_headers.txt
TAE0036m.bin,TAE0036m.bin_headers.txt
TAE0037a.bin,TAE0037a.bin_headers.txt
TAE0037m.bin,TAE0037m.bin_headers.txt
TAE0038a.bin,TAE0038a.bin_headers.txt
TAE0039a.bin,TAE0039a.bin_headers.txt
TAE0039m.bin,TAE0039m.bin_headers.txt
TAE0040a.bin,TAE0040a.bin_headers.txt
TAE0040m.bin,TAE0040m.bin_headers.txt
TAE0041a.bin,TAE0041a.bin_headers.txt
TAE0042a.bin,TAE0042a.bin_headers.txt
TAE0043a.bin,TAE0043a.bin_headers.txt
TAE0044a.bin,TAE0044a.bin_headers.txt
TAE0045a.bin,TAE0045a.bin_headers.txt
TAE0046a.bin,TAE0046a.bin_headers.txt
TAE0047a.bin,TAE0047a.bin_headers.txt
TAE0047m.bin,TAE0047m.bin_headers.txt
TAE0048a.bin,TAE0048a.bin_headers.txt
TAE0048m.bin,TAE0048m.bin_headers.txt
TAE0049a.bin,TAE0049a.bin_headers.txt
TAE0050a.bin,TAE0050a.bin_headers.txt
TAE0051a.bin,TAE0051a.bin_headers.txt
TAE0051m.bin,TAE0051m.bin_headers.txt
TAE0052a.bin,TAE0052a.bin_headers.txt
TAE0053a.bin,TAE0053a.bin_headers.txt
TAE0053m.bin,TAE0053m.bin_headers.txt
TAE0054a.bin,TAE0054a.bin_headers.txt
TAE0055a.bin,TAE0055a.bin_headers.txt
TAE0056a.bin,TAE0056a.bin_headers.txt
TAE0056m.bin,TAE0056m.bin_headers.txt
TAE0057a.bin,TAE0057a.bin_headers.txt
TAE0057m.bin,TAE0057m.bin_headers.txt
TAE0058a.bin,TAE0058a.bin_headers.txt
TAE0058m.bin,TAE0058m.bin_headers.txt
TAE1001a.bin,TAE1001a.bin_headers.txt
TAE1001m.bin,TAE1001m.bin_headers.txt
TAE1002a.bin,TAE1002a.bin_headers.txt
TAE1002m.bin,TAE1002m.bin_headers.txt
TAE1003a.bin,TAE1003a.bin_headers.txt
TAE1003m.bin,TAE1003m.bin_headers.txt
TAE1005a.bin,TAE1005a.bin_headers.txt
TAE1005m.bin,TAE1005m.bin_headers.txt
TAE1006a.bin,TAE1006a.bin_headers.txt
TAE1007a.bin,TAE1007a.bin_headers.txt
TAE1008a.bin,TAE1008a.bin_headers.txt
TAE1009a.bin,TAE1009a.bin_headers.txt
TAE1010a.bin,TAE1010a.bin_headers.txt
TAE1010m.bin,TAE1010m.bin_headers.txt
TAE1011a.bin,TAE1011a.bin_headers.txt
TAE1011m.bin,TAE1011m.bin_headers.txt
TAE1012a.bin,TAE1012a.bin_headers.txt
TAE1012m.bin,TAE1012m.bin_headers.txt
TAE1013a.bin,TAE1013a.bin_headers.txt
TAE1013m.bin,TAE1013m.bin_headers.txt
TAE1014a.bin,TAE1014a.bin_headers.txt
TAE1014m.bin,TAE1014m.bin_headers.txt
TAE1015a.bin,TAE1015a.bin_headers.txt
TAE1015m.bin,TAE1015m.bin_headers.txt
TAE1016a.bin,TAE1016a.bin_headers.txt
TAE1016m.bin,TAE1016m.bin_headers.txt
TAE1017a.bin,TAE1017a.bin_headers.txt
TAE1018a.bin,TAE1018a.bin_headers.txt
TAE1019a.bin,TAE1019a.bin_headers.txt
TAE1019m.bin,TAE1019m.bin_headers.txt
TAE1020a.bin,TAE1020a.bin_headers.txt
TAE1021a.bin,TAE1021a.bin_headers.txt
TAE1022a.bin,TAE1022a.bin_headers.txt
TAE1022m.bin,TAE1022m.bin_headers.txt
TAE1023a.bin,TAE1023a.bin_headers.txt
TAE1023m.bin,TAE1023m.bin_headers.txt
TEH0001a.bin,TEH0001a.bin_headers.txt
TEH0001m.bin,TEH0001m.bin_headers.txt
TEH0002a.bin,TEH0002a.bin_headers.txt
TEH0003a.bin,TEH0003a.bin_headers.txt
TEH0003m.bin,TEH0003m.bin_headers.txt
TEL0001a.bin,TEL0001a.bin_headers.txt
TEL0001d.bin,TEL0001d.bin_headers.txt
TEL0001m.bin,TEL0001m.bin_headers.txt
TEL0002a.bin,TEL0002a.bin_headers.txt
TEL0002d.bin,TEL0002d.bin_headers.txt
TEL0003a.bin,TEL0003a.bin_headers.txt
TEL0003d.bin,TEL0003d.bin_headers.txt
TEL0004a.bin,TEL0004a.bin_headers.txt
TEL0005a.bin,TEL0005a.bin_headers.txt
TEL0005d.bin,TEL0005d.bin_headers.txt
TEL0008a.bin,TEL0008a.bin_headers.txt
TEL0009a.bin,TEL0009a.bin_headers.txt
TEL0009d.bin,TEL0009d.bin_headers.txt
TEL0010a.bin,TEL0010a.bin_headers.txt
TEL0010d.bin,TEL0010d.bin_headers.txt
TEL0012a.bin,TEL0012a.bin_headers.txt
TEL0012m.bin,TEL0012m.bin_headers.txt
TEL0013a.bin,TEL0013a.bin_headers.txt
TEL0013d.bin,TEL0013d.bin_headers.txt
TEL0013m.bin,TEL0013m.bin_headers.txt
TEL0014a.bin,TEL0014a.bin_headers.txt
TEL0014d.bin,TEL0014d.bin_headers.txt
TEL0014m.bin,TEL0014m.bin_headers.txt
TEL0015a.bin,TEL0015a.bin_headers.txt
TEL0015d.bin,TEL0015d.bin_headers.txt
TEL0015m.bin,TEL0015m.bin_headers.txt
TEL0016a.bin,TEL0016a.bin_headers.txt
TEL0016m.bin,TEL0016m.bin_headers.txt
TEL0017a.bin,TEL0017a.bin_headers.txt
TEL0018a.bin,TEL0018a.bin_headers.txt
TEL0019a.bin,TEL0019a.bin_headers.txt
TEL0020a.bin,TEL0020a.bin_headers.txt
TEL0021a.bin,TEL0021a.bin_headers.txt
TEL0022a.bin,TEL0022a.bin_headers.txt
TEL0022m.bin,TEL0022m.bin_headers.txt
TEL0023a.bin,TEL0023a.bin_headers.txt
TEL0023d.bin,TEL0023d.bin_headers.txt
TEL0024a.bin,TEL0024a.bin_headers.txt
TEL0027a.bin,TEL0027a.bin_headers.txt
TEL0030a.bin,TEL0030a.bin_headers.txt
TEL0031a.bin,TEL0031a.bin_headers.txt
TEL0031m.bin,TEL0031m.bin_headers.txt
TEL0032a.bin,TEL0032a.bin_headers.txt
TEL0033a.bin,TEL0033a.bin_headers.txt
TEL0033d.bin,TEL0033d.bin_headers.txt
TEL0033m.bin,TEL0033m.bin_headers.txt
TEL0034a.bin,TEL0034a.bin_headers.txt
TEL0035a.bin,TEL0035a.bin_headers.txt
TEL0035m.bin,TEL0035m.bin_headers.txt
TEL0036a.bin,TEL0036a.bin_headers.txt
TEL0036m.bin,TEL0036m.bin_headers.txt
TEL0037a.bin,TEL0037a.bin_headers.txt
TEL0037m.bin,TEL0037m.bin_headers.txt
TEL0038a.bin,TEL0038a.bin_headers.txt
TEL0038m.bin,TEL0038m.bin_headers.txt
TEL0039a.bin,TEL0039a.bin_headers.txt
TEL0039m.bin,TEL0039m.bin_headers.txt
TEL0040a.bin,TEL0040a.bin_headers.txt
TEL0040m.bin,TEL0040m.bin_headers.txt
TEL0041a.bin,TEL0041a.bin_headers.txt
TEL0041m.bin,TEL0041m.bin_headers.txt
TEL0042a.bin,TEL0042a.bin_headers.txt
TEL0042m.bin,TEL0042m.bin_headers.txt
TEL0043a.bin,TEL0043a.bin_headers.txt
TEL0043m.bin,TEL0043m.bin_headers.txt
TEL0044a.bin,TEL0044a.bin_headers.txt
TEL0044m.bin,TEL0044m.bin_headers.txt
TEL0045a.bin,TEL0045a.bin_headers.txt
TEL0045m.bin,TEL0045m.bin_headers.txt
TEL0046a.bin,TEL0046a.bin_headers.txt
TEL0046m.bin,TEL0046m.bin_headers.txt
TEL0047a.bin,TEL0047a.bin_headers.txt
TEL0047m.bin,TEL0047m.bin_headers.txt
TEL0048a.bin,TEL0048a.bin_headers.txt
TEL0048m.bin,TEL0048m.bin_headers.txt
TEL0049a.bin,TEL0049a.bin_headers.txt
TEL0049m.bin,TEL0049m.bin_headers.txt
TEL0050a.bin,TEL0050a.bin_headers.txt
TEL0050m.bin,TEL0050m.bin_headers.txt
TEL0051a.bin,TEL0051a.bin_headers.txt
TEL0051m.bin,TEL0051m.bin_headers.txt
TEL0052a.bin,TEL0052a.bin_headers.txt
TEL0052m.bin,TEL0052m.bin_headers.txt
TEL0054a.bin,TEL0054a.bin_headers.txt
TEL0054m.bin,TEL0054m.bin_headers.txt
TEL0057a.bin,TEL0057a.bin_headers.txt
TEL0058a.bin,TEL0058a.bin_headers.txt
TEL0058d.bin,TEL0058d.bin_headers.txt
TEL0058m.bin,TEL0058m.bin_headers.txt
TEL0059a.bin,TEL0059a.bin_headers.txt
TEL0059d.bin,TEL0059d.bin_headers.txt
TEL0059m.bin,TEL0059m.bin_headers.txt
TEL0060a.bin,TEL0060a.bin_headers.txt
TEL0060m.bin,TEL0060m.bin_headers.txt
TEL0061a.bin,TEL0061a.bin_headers.txt
TEL0061m.bin,TEL0061m.bin_headers.txt
TEL0062a.bin,TEL0062a.bin_headers.txt
TEL0062m.bin,TEL0062m.bin_headers.txt
TEL0063a.bin,TEL0063a.bin_headers.txt
TEL0063d.bin,TEL0063d.bin_headers.txt
TEL0063m.bin,TEL0063m.bin_headers.txt
TEL0064a.bin,TEL0064a.bin_headers.txt
TEL0064m.bin,TEL0064m.bin_headers.txt
TEL0065a.bin,TEL0065a.bin_headers.txt
TEL0065m.bin,TEL0065m.bin_headers.txt
TEL0066a.bin,TEL0066a.bin_headers.txt
TEL0066m.bin,TEL0066m.bin_headers.txt
TEL0068a.bin,TEL0068a.bin_headers.txt
TEL0069a.bin,TEL0069a.bin_headers.txt
TEL0070a.bin,TEL0070a.bin_headers.txt
TEL0070m.bin,TEL0070m.bin_headers.txt
TEL1001a.bin,TEL1001a.bin_headers.txt
TEL1002a.bin,TEL1002a.bin_headers.txt
TEL1003a.bin,TEL1003a.bin_headers.txt
TEL1003m.bin,TEL1003m.bin_headers.txt
TEL1004a.bin,TEL1004a.bin_headers.txt
TEL1005a.bin,TEL1005a.bin_headers.txt
TEL1006a.bin,TEL1006a.bin_headers.txt
TEL1007a.bin,TEL1007a.bin_headers.txt
TEL1008a.bin,TEL1008a.bin_headers.txt
TEL1009a.bin,TEL1009a.bin_headers.txt
TEL1010a.bin,TEL1010a.bin_headers.txt
TEL1011a.bin,TEL1011a.bin_headers.txt
TEL1012a.bin,TEL1012a.bin_headers.txt
TEL1014a.bin,TEL1014a.bin_headers.txt
TEL1014m.bin,TEL1014m.bin_headers.txt
TEL1016a.bin,TEL1016a.bin_headers.txt
TEL1017a.bin,TEL1017a.bin_headers.txt
TEL1018a.bin,TEL1018a.bin_headers.txt
TEL1018m.bin,TEL1018m.bin_headers.txt
TEL1019a.bin,TEL1019a.bin_headers.txt
TEL1020a.bin,TEL1020a.bin_headers.txt
TEL1020m.bin,TEL1020m.bin_headers.txt
TEL1021a.bin,TEL1021a.bin_headers.txt
TEL1021m.bin,TEL1021m.bin_headers.txt
TEL1022a.bin,TEL1022a.bin_headers.txt
TEL1023a.bin,TEL1023a.bin_headers.txt
TEL2001a.bin,TEL2001a.bin_headers.txt
TEL2001m.bin,TEL2001m.bin_headers.txt
TEL2002a.bin,TEL2002a.bin_headers.txt
TEL2002m.bin,TEL2002m.bin_headers.txt
TEL2003a.bin,TEL2003a.bin_headers.txt
TEL2004a.bin,TEL2004a.bin_headers.txt
TEL2005a.bin,TEL2005a.bin_headers.txt
TEL2005m.bin,TEL2005m.bin_headers.txt
TEL2006a.bin,TEL2006a.bin_headers.txt
TEL2007a.bin,TEL2007a.bin_headers.txt
TEL2007m.bin,TEL2007m.bin_headers.txt
TEL3001a.bin,TEL3001a.bin_headers.txt
TEL3001m.bin,TEL3001m.bin_headers.txt
TEL3002a.bin,TEL3002a.bin_headers.txt
THR0001a.bin,THR0001a.bin_headers.txt
THR0001m.bin,THR0001m.bin_headers.txt
THR0002a.bin,THR0002a.bin_headers.txt
THR0002m.bin,THR0002m.bin_headers.txt
THR0003a.bin,THR0003a.bin_headers.txt
THR0004a.bin,THR0004a.bin_headers.txt
THR0005a.bin,THR0005a.bin_headers.txt
THR0006a.bin,THR0006a.bin_headers.txt
THR0007a.bin,THR0007a.bin_headers.txt
THR0008a.bin,THR0008a.bin_headers.txt
THR0008m.bin,THR0008m.bin_headers.txt
THR0009a.bin,THR0009a.bin_headers.txt
THR0010a.bin,THR0010a.bin_headers.txt
THR0010m.bin,THR0010m.bin_headers.txt
THR0011a.bin,THR0011a.bin_headers.txt
THR0011m.bin,THR0011m.bin_headers.txt
THR1001a.bin,THR1001a.bin_headers.txt
THR1002a.bin,THR1002a.bin_headers.txt
THR1002m.bin,THR1002m.bin_headers.txt
TZG0001a.bin,TZG0001a.bin_headers.txt
TZG0001m.bin,TZG0001m.bin_headers.txt
TZG0002a.bin,TZG0002a.bin_headers.txt
TZG0002m.bin,TZG0002m.bin_headers.txt
USE0001a.bin,USE0001a.bin_headers.txt
USE0001m.bin,USE0001m.bin_headers.txt
USE0002a.bin,USE0002a.bin_headers.txt
USE0002m.bin,USE0002m.bin_headers.txt
USE0003a.bin,USE0003a.bin_headers.txt
USE0003m.bin,USE0003m.bin_headers.txt
USE0004a.bin,USE0004a.bin_headers.txt
USE0004m.bin,USE0004m.bin_headers.txt
WDP0001a.bin,WDP0001a.bin_headers.txt
WDP0002a.bin,WDP0002a.bin_headers.txt
WDP0003a.bin,WDP0003a.bin_headers.txt
WDP0004a.bin,WDP0004a.bin_headers.txt
WDP0005a.bin,WDP0005a.bin_headers.txt
WIN0001a.bin,WIN0001a.bin_headers.txt
WIN0001m.bin,WIN0001m.bin_headers.txt
WIN0002a.bin,WIN0002a.bin_headers.txt
WIN0003a.bin,WIN0003a.bin_headers.txt
WIN0004a.bin,WIN0004a.bin_headers.txt
WIN0004d.bin,WIN0004d.bin_headers.txt
WIN0004m.bin,WIN0004m.bin_headers.txt
WIN0005a.bin,WIN0005a.bin_headers.txt
WIN0005m.bin,WIN0005m.bin_headers.txt
WIN0007a.bin,WIN0007a.bin_headers.txt
WIN0007m.bin,WIN0007m.bin_headers.txt
WIN0008a.bin,WIN0008a.bin_headers.txt
WIN0008m.bin,WIN0008m.bin_headers.txt
WIN0009a.bin,WIN0009a.bin_headers.txt
WIN0009d.bin,WIN0009d.bin_headers.txt
WIN0009m.bin,WIN0009m.bin_headers.txt
WIN1001a.bin,WIN1001a.bin_headers.txt
WIN1001m.bin,WIN1001m.bin_headers.txt
WIN1002a.bin,WIN1002a.bin_headers.txt
WIN1002m.bin,WIN1002m.bin_headers.txt
WIN1003a.bin,WIN1003a.bin_headers.txt
XTA0001a.bin,XTA0001a.bin_headers.txt
XTA0001m.bin,XTA0001m.bin_headers.txt
XTA0003a.bin,XTA0003a.bin_headers.txt
XTA0003m.bin,XTA0003m.bin_headers.txt
XTA0004a.bin,XTA0004a.bin_headers.txt
XTA0004m.bin,XTA0004m.bin_headers.txt
XTA0005a.bin,XTA0005a.bin_headers.txt
XTA0005m.bin,XTA0005m.bin_headers.txt
XTA0006a.bin,XTA0006a.bin_headers.txt
XTA0007a.bin,XTA0007a.bin_headers.txt
XTA0007m.bin,XTA0007m.bin_headers.txt
XTA0008a.bin,XTA0008a.bin_headers.txt
XTA0008m.bin,XTA0008m.bin_headers.txt
XTA0009a.bin,XTA0009a.bin_headers.txt
XTA0010a.bin,XTA0010a.bin_headers.txt
XTA0011a.bin,XTA0011a.bin_headers.txt
XTA0011m.bin,XTA0011m.bin_headers.txt
XTA0012a.bin,XTA0012a.bin_headers.txt
XTA0013a.bin,XTA0013a.bin_headers.txt
XTA0014a.bin,XTA0014a.bin_headers.txt
XTA0015a.bin,XTA0015a.bin_headers.txt
XTA0015d.bin,XTA0015d.bin_headers.txt
XTA0015m.bin,XTA0015m.bin_headers.txt
XTA0016a.bin,XTA0016a.bin_headers.txt
XTA0016m.bin,XTA0016m.bin_headers.txt
XTA0017a.bin,XTA0017a.bin_headers.txt
XTA0017d.bin,XTA0017d.bin_headers.txt
XTA0017m.bin,XTA0017m.bin_headers.txt
XTA0018a.bin,XTA0018a.bin_headers.txt
XTA0018m.bin,XTA0018m.bin_headers.txt
XTA0019a.bin,XTA0019a.bin_headers.txt
XTA0019d.bin,XTA0019d.bin_headers.txt
XTA0020a.bin,XTA0020a.bin_headers.txt
XTA0020m.bin,XTA0020m.bin_headers.txt
XTA0021a.bin,XTA0021a.bin_headers.txt
XTA0021m.bin,XTA0021m.bin_headers.txt
XTA0022a.bin,XTA0022a.bin_headers.txt
XTA0022m.bin,XTA0022m.bin_headers.txt
XTA0023a.bin,XTA0023a.bin_headers.txt
XTA0024a.bin,XTA0024a.bin_headers.txt
XTA0024m.bin,XTA0024m.bin_headers.txt
XTA0025a.bin,XTA0025a.bin_headers.txt
XTA0025m.bin,XTA0025m.bin_headers.txt
XTA0026a.bin,XTA0026a.bin_headers.txt
XTA0026m.bin,XTA0026m.bin_headers.txt
XTA0027a.bin,XTA0027a.bin_headers.txt
XTA0028a.bin,XTA0028a.bin_headers.txt
XTA0028m.bin,XTA0028m.bin_headers.txt
XTA0029a.bin,XTA0029a.bin_headers.txt
XTA0030a.bin,XTA0030a.bin_headers.txt
XTA0031a.bin,XTA0031a.bin_headers.txt
XTA0032a.bin,XTA0032a.bin_headers.txt
XTA0033a.bin,XTA0033a.bin_headers.txt
XTA0033m.bin,XTA0033m.bin_headers.txt
XTA0034a.bin,XTA0034a.bin_headers.txt
XTA0034m.bin,XTA0034m.bin_headers.txt
XTA0035a.bin,XTA0035a.bin_headers.txt
XTA0035m.bin,XTA0035m.bin_headers.txt
XTA0036a.bin,XTA0036a.bin_headers.txt
XTA0036m.bin,XTA0036m.bin_headers.txt
XTA1001a.bin,XTA1001a.bin_headers.txt
XTA1002a.bin,XTA1002a.bin_headers.txt
XTA1003a.bin,XTA1003a.bin_headers.txt
XTA1004a.bin,XTA1004a.bin_headers.txt
XTA1004m.bin,XTA1004m.bin_headers.txt
XTA1005a.bin,XTA1005a.bin_headers.txt
ZOM0001a.bin,ZOM0001a.bin_headers.txt
ZOM0001m.bin,ZOM0001m.bin_headers.txt
ZOM0002a.bin,ZOM0002a.bin_headers.txt
ZOM0003a.bin,ZOM0003a.bin_headers.txt
ZOM0004a.bin,ZOM0004a.bin_headers.txt
ZOM0006a.bin,ZOM0006a.bin_headers.txt
